CustomerID,FirstName,LastName,Email,PhoneNumber,Address,City,State,PostalCode,Country,DateOfBirth,Gender
91b19556-93c4-4789-8a27-2627829a362e,Megan,Chang,greenwilliam@yahoo.com,759-382-4219x4892,15781 Hamilton Ridge Apt. 877,Bryanside,Alabama,12726,Saint Helena,2000-10-10,Female
6b1f4e21-7efd-4cc4-92aa-ee56668bd00f,Raymond,Summers,vclayton@cross.com,933.287.1158,48418 Olsen Plains Apt. 989,Seanfurt,Massachusetts,75952,Dominican Republic,1963-05-14,Female
7207957d-0c8e-4eb7-8661-0d4187c357e3,Ivan,Underwood,thomas12@mclean.net,+1-684-833-9694x77515,9533 Jessica Crescent,West Laura,Michigan,56354,Suriname,1947-11-03,Male
4c7233e1-ef7c-452b-83c6-e49e1a7fde44,Craig,Thomas,montoyacynthia@guzman.com,+1-916-151-0903x217,008 Oliver Village,Chadland,Tennessee,39961,Guernsey,1973-04-13,Female
f18c9eb8-9626-4c27-8a06-140fc54f9e51,Henry,Gordon,lyonspeter@howard-dennis.org,(302)258-4197,76984 Price Shoals,Erictown,New Jersey,97700,Belgium,1966-06-20,Female
20b02c84-aa55-46ee-97b1-c5674d1ee03c,Joanne,Stephens,kathleenolson@roberts.org,(466)109-3523,769 Johnson Well,Bartonton,Hawaii,58874,Bahrain,1961-04-01,Female
2db03bbf-6733-40dc-82a7-7412597c0ff7,Jacqueline,Griffin,hensontroy@yahoo.com,063.812.0665x030,891 David Run,Port Kevin,Vermont,24385,Bolivia,1975-12-22,Female
8f6ec4d2-4b5a-4026-bf88-bffc3dfa3527,Melissa,Sanders,hillshawn@callahan.net,+1-512-400-0348x5590,765 Jared Radial Suite 022,Mathewstad,Virginia,12783,Guadeloupe,1996-08-24,Female
918341aa-2761-4501-bb31-ed2f3a2a691e,Christine,Williams,tinaroberts@hays-anderson.com,304.281.4654x6118,5517 Holly Meadow Apt. 452,Lake Anne,South Dakota,11894,Bahrain,1998-07-30,Female
14b502bb-938f-4076-85eb-9c9b387ddeac,Christopher,Brady,zsmith@stone.org,001-361-534-9263x511,731 Sanders Fords,Port Jasonberg,Connecticut,26449,Kuwait,1969-05-02,Male
7a2eb11b-91ae-4201-9e2a-b5579365cca1,Michael,Wilcox,zhernandez@frazier.com,738.930.5550x8249,9471 Zachary Canyon,East Davidport,Alabama,59298,Greenland,2002-04-05,Male
cad93052-22e4-43db-b9c8-321d4644dc28,Eugene,Hernandez,william88@gmail.com,001-189-163-4896,9930 Joy Hollow Suite 517,Sherriport,Wyoming,53987,Hungary,1998-09-24,Female
dfd686e0-e6e1-460b-b69a-b0199e045128,Patrick,Martin,justingreer@mcmahon.biz,(791)256-0976,17200 Crystal Cove Suite 367,North Chelseamouth,South Carolina,83379,Vietnam,1966-08-07,Male
a7893a40-7d2b-4410-acc9-85482c4d4e25,Debra,Montes,susanhughes@yahoo.com,001-183-067-5375x1007,89933 Kimberly Road Suite 841,South Patricia,Nevada,11515,Vietnam,1950-09-26,Male
e31bfaad-4541-48d1-8bfb-bd409d5ff5dd,Robert,Garcia,moodyryan@johnson-calhoun.com,001-415-115-0552x0351,03104 Norris Rapids,Port Donald,New Jersey,15232,Lesotho,1967-01-18,Female
cac0a9d0-e4d5-4876-ae46-4170b5e46aea,Jasmine,Scott,michaelkennedy@phillips-johns.net,+1-529-118-9426x2235,24560 Carolyn Lock,Lake Charleschester,Maryland,72692,Israel,1994-01-09,Male
f44955b4-1dd4-495b-8f36-9c003543715d,Sara,Garza,christopher75@hotmail.com,066.065.7354x71214,927 Lopez Manor,Thompsonmouth,Michigan,69097,Cambodia,1967-10-16,Female
014b9fe0-9b99-4540-8ac0-52faf718bb96,Steven,Walsh,kennethgreer@yahoo.com,+1-703-414-8926x717,640 Joseph Skyway,North Jonathanhaven,Pennsylvania,93557,Indonesia,1973-11-11,Male
2d4417d7-9498-470b-be45-1792214dec38,Curtis,King,caitlinjohnson@yahoo.com,851-832-1644x8298,168 Figueroa Turnpike,Kellystad,Oregon,82920,Burundi,1954-04-18,Male
46617371-3aba-44ff-a43b-30a43a1306ae,David,Martinez,qtaylor@yahoo.com,(763)778-5707x427,305 Myers Branch,Lake Michellefurt,Alabama,47854,Armenia,1951-07-06,Female
1f0e6f9a-d9e3-4fd4-818c-7f6db9699f56,Christine,Key,donaldberry@gmail.com,675-625-6627,523 Sean Turnpike,Simmonsfort,Missouri,96155,Cyprus,1997-09-30,Female
d88e1682-8976-4fef-babd-c4199099aa4b,James,Bentley,ojohnson@pitts.com,001-239-491-8456x7088,774 Lewis Grove Apt. 002,Adamtown,Florida,08848,Solomon Islands,1972-09-18,Male
9e40c875-2fd4-4ae0-9a2c-d1d79facda7e,Erin,Arellano,shawnmorgan@gmail.com,+1-155-875-4080x351,533 Chambers Street,Larryfurt,Kentucky,63688,Guatemala,2002-12-12,Female
aacfed83-1047-4c99-87fd-b6f9c77799de,Jennifer,Williams,murrayjenny@stark.info,711.131.2637x916,23732 Michael Island Suite 184,Lake Kenneth,New Hampshire,67876,Netherlands Antilles,1975-01-19,Female
f7dd9acb-093d-4e93-a20f-4bce3f5b5881,Amanda,Green,wilsonkristen@thompson.com,408.860.1641,84331 Leonard Fort Suite 749,East Lisa,Oklahoma,66672,Greece,1968-07-31,Female
642d928d-b3c4-475b-8931-b3cce50fb984,Brenda,Johnson,lmoore@esparza.info,001-332-365-9927,089 Burns Inlet,East Angelaburgh,Texas,65342,Sudan,1993-10-14,Male
b462756a-fd03-4d67-807e-19cb8eb55e11,Timothy,Edwards,derrick63@floyd-cruz.com,053.573.4524,9802 Johnson Road,North Johntown,Iowa,86205,Greece,1948-02-19,Female
b8799710-b37a-48cf-a912-635a66acca65,Lori,Cooper,patriciarobinson@yahoo.com,(542)566-0648,91662 Vincent Road Apt. 153,East Sonya,Hawaii,97862,Solomon Islands,2000-08-28,Female
8423825f-6be6-4b40-a283-0f25c2d44b9f,Gabriela,Jackson,mpennington@oliver.com,+1-904-560-0715x427,526 Nelson Park,Smithhaven,Maine,72649,Latvia,1945-12-26,Female
bc108492-ebb2-4191-99ff-1f4818684f52,Kendra,Duncan,bryantjennifer@yahoo.com,(700)404-9438x856,19539 Martin Ways Apt. 509,New Ericstad,Mississippi,38667,Nigeria,1963-07-30,Male
85c5131d-0b0c-42ba-b612-eeeca65fb61d,Marcus,Patton,aarontaylor@gmail.com,250.749.3186x428,29188 Fischer Grove,Justinchester,Wyoming,94599,Fiji,1961-03-06,Male
9de7f0d7-1333-4454-a173-4a9a047fb034,Amanda,Spencer,janicereynolds@gmail.com,8296570869,58235 Smith Street,New Patricia,Louisiana,24767,Western Sahara,1995-03-13,Male
9641cb0b-067b-4907-8d23-4f59cc24e7a0,Sara,Miller,juliecole@hotmail.com,001-132-716-6446x595,0704 Kathryn Lights,Rowefurt,Vermont,05536,Mozambique,1975-04-10,Female
95226fd4-7225-4977-aff8-77a4e22049da,Michael,Carroll,lynn67@hotmail.com,(019)550-1318,50562 Russell Divide Apt. 648,East Davidberg,New Mexico,92947,Norway,1992-05-08,Male
724f540c-3bc2-4d79-a167-50c0b21387b9,Kathryn,Williams,wherring@hess.com,454.487.2782,928 Paula Island,East Deborahmouth,South Carolina,31790,Sudan,1974-10-27,Female
80c81295-2791-4f2e-9b73-d1692ae32466,Alexa,Mckinney,dingram@miller.com,695-975-6851,0220 Blackwell Fields,South Deannaport,Missouri,07347,Nepal,1995-11-03,Female
cf5f31d4-e5a1-433b-b3fd-411e128e18dc,Laura,Jackson,wbrown@winters.org,620.743.6151x105,69057 Alvarez Walks,New Michelleview,Alaska,85435,Malaysia,1950-02-14,Male
26134e2c-1008-49f9-8db3-12f8760b06f7,Mary,Miller,ruizantonio@hotmail.com,+1-400-652-8222x2395,6033 Murphy Freeway,Jeremychester,New Jersey,48117,Turkey,1982-01-30,Female
ea834899-9e76-4b45-b113-a28e4ee1df75,Devin,Cunningham,sarahsmith@higgins-jackson.com,0580001992,606 Bradley Spur,Jenniferberg,Mississippi,67380,Cuba,1979-11-26,Male
affe3941-f323-4b6c-9a0f-8fbda00c47f8,Richard,Anderson,reynoldsryan@yahoo.com,(363)769-1448x5809,40956 Amanda Walk Apt. 260,Simonfurt,Nevada,14239,Rwanda,1974-12-16,Male
f2e7b2ee-baa8-4393-9dff-227526dd3b3b,Cassandra,Martin,ljenkins@yahoo.com,001-815-525-7803x42954,048 Johnson Loop Suite 635,East Daniel,Minnesota,22227,Antarctica (the territory South of 60 deg S),1972-11-28,Male
c9704dd1-c335-4a41-8948-e4251a7ff6fd,Barbara,Ford,jgardner@jackson.com,082.759.4516,58582 Rollins Summit Suite 365,Fryhaven,Maryland,54253,Ireland,1998-12-05,Male
6b6c9ec8-f1aa-4955-8288-fe559d242877,Connor,Mcpherson,silvacynthia@rodriguez.org,+1-981-492-6100x1575,759 Estrada Valleys,East Anna,California,67084,Uruguay,2003-11-24,Male
1073338f-690d-47f8-91f7-51c04411630a,Gary,Carey,nfranklin@erickson-sullivan.com,001-262-790-6196,87079 Joseph Parkways Suite 867,Herbertside,Mississippi,21412,Gabon,2001-08-07,Female
2e513b95-40ad-4acf-a079-ba9e315cfd27,Chelsea,Rangel,riverstimothy@hotmail.com,(814)731-4251x20298,06897 Sarah Points,Nancymouth,Connecticut,90382,Albania,1960-01-21,Male
92f298c0-0cc5-430e-a17d-919460c69653,Jeremy,Roberson,jeffrey75@hotmail.com,114-963-5623x43754,216 Mason Mountains Apt. 556,Michaelfurt,Wyoming,94134,Finland,2002-07-29,Male
3959d633-169d-4aa7-9054-c6bff6fae25f,Daniel,Berger,pmoore@lopez.com,+1-667-879-9368x47358,75636 Barbara Canyon,Davisborough,Washington,43336,Christmas Island,1951-04-22,Female
cc9df87f-596d-4c96-9bb8-5949b21d8187,Henry,Hale,stephaniesmith@smith.com,730-896-1823,6706 Patrick Track,New Stephanietown,Pennsylvania,45991,Romania,1968-08-12,Female
097a72a0-0b29-4650-bd4f-30e5e6fe734d,Margaret,Byrd,kingdakota@nelson.com,+1-263-953-6881x817,772 Kelley Crossroad,Scottland,Oregon,66750,Grenada,1999-06-01,Male
260c0820-7801-4586-b34d-722add70a919,Lynn,Hall,timothy60@cummings-smith.biz,001-736-347-7237x45792,48102 Johnson Ways,Port Rachel,Missouri,89339,Comoros,1971-08-11,Female
73004e17-90b6-4a04-ada4-2422366cb1ac,Tyler,Jackson,pam83@murphy.org,001-629-793-9703,583 Bradley Dale Apt. 793,Port Tammyhaven,Nevada,85137,Norfolk Island,1963-02-05,Female
559e0ae1-9a7a-4bdf-8803-cf6c28e2f05a,Nicole,Morgan,nathanbridges@kim.info,231-267-8350,3169 Fernandez Roads,Lake Derekfort,Maryland,50327,Mauritius,1980-03-01,Male
88bf3e7e-5d16-42af-b142-6202893b5d13,Carl,Jacobs,harrischristina@yahoo.com,103-909-8527x4197,66853 Walls Cape Apt. 599,Brownhaven,New Mexico,57477,Ghana,1969-11-04,Female
3ba482f1-49d3-47ff-836e-cbfe318fcd47,Jessica,Johnson,kathleenmcclure@gmail.com,001-630-446-1545x938,8802 Weiss Route,Martinstad,Connecticut,80907,Moldova,1972-01-11,Male
98dc1035-ccf3-41d2-9b4c-0e8bcf21eef8,Stephanie,Chang,meyermichelle@hotmail.com,(708)351-8323,97524 Dickson Plaza Apt. 375,West Ann,Wyoming,00560,Belize,1988-07-16,Female
a4de8745-63dc-4cb0-8d0d-ecd4d4646c80,Lori,Parker,milleralexis@gmail.com,(438)857-1688,19752 Allen Mews Suite 000,Charlesmouth,Massachusetts,72308,Palau,1963-03-03,Female
3528c3f6-322a-47d4-af55-eb660de96c3f,Brandon,Erickson,carla66@aguilar-king.com,+1-771-652-8037,31412 Susan Bridge Suite 861,South Juan,Montana,57059,Latvia,1991-01-24,Male
e78dbdfd-8d2b-49eb-a026-735e2a31728b,Sharon,Brown,johnwalker@yahoo.com,(284)802-3623,238 Lindsey Walks,Lake Stevenborough,Arkansas,54508,Chad,1969-07-15,Female
25b07718-c34a-4adf-88c8-008bdcd61a1c,William,Lewis,martinezchristopher@gmail.com,036-746-5641,330 William Cliff,Wrightberg,Rhode Island,82666,Turkmenistan,1978-04-17,Female
15db6e1e-b9cd-4ec7-9e67-73edf2cc105f,Keith,George,michael48@hotmail.com,001-420-739-6574x727,559 Foster Locks Suite 933,Robinsonhaven,Hawaii,67302,Burundi,1998-07-29,Male
4c88a668-1dfc-4d6a-a98d-e3eda76b46c4,Carla,Sherman,jonathon47@hotmail.com,034.710.3914x03292,400 Cathy Expressway Suite 367,Micheleland,Pennsylvania,57115,Slovenia,1951-06-16,Female
3294a728-49b9-4d8e-82f6-c4595bfd0145,Holly,Tate,michael36@flores.info,+1-299-869-3006x90281,5930 Mata Island Suite 779,Josephland,New Jersey,99414,Cayman Islands,2004-09-19,Male
d1828dcb-5a22-466c-b141-56f9a1f21abd,Daniel,Green,kfisher@hotmail.com,(219)127-4164x41588,09021 Cruz Orchard,West Crystalberg,Colorado,92631,India,1987-06-05,Male
029e6a6a-57a4-4d32-add0-08d1b25341e6,Beth,Andersen,robertgillespie@williams.com,+1-466-807-8282,219 Roberts Glen,South Gail,South Dakota,07257,Mali,1996-04-08,Male
b24bb15e-f508-49ee-86cf-d0a6802e1f46,Kimberly,Walter,kendrawall@hotmail.com,(150)525-9115,7577 Christopher Mill,Frankside,New Mexico,72758,Japan,1978-11-26,Male
d8075243-e991-4f36-abd2-2b7577d91b45,Charles,Robinson,eddie12@gmail.com,6911849457,597 Hall Parkway Apt. 655,East Autumnfort,Delaware,48734,Jordan,1995-10-10,Female
5cbaadb0-e2bf-41c8-8c0a-76846355446c,Christine,Gardner,hudsonbernard@white-adams.info,001-603-752-0782x64973,799 Cheryl Island,Tiffanyshire,Wyoming,82880,Cambodia,1978-06-23,Female
4ba344a7-8902-4f2e-bf8a-4e360ec47fe3,Russell,Young,john43@hotmail.com,001-573-959-2532,289 Patricia Mission Suite 329,Catherineland,Ohio,65608,United Kingdom,1957-12-01,Male
c6c793b8-0a40-47be-a8e4-fa070fd7fdba,Kelly,Hill,megan50@lee.org,(871)484-7656,05249 Parker Mall,Brooksland,Washington,11010,Somalia,1986-05-09,Male
8c647044-0cec-4485-ba05-b8e221f5b0a2,Christopher,Fritz,santanajimmy@gmail.com,419-629-9834,29322 Jonathan Turnpike Suite 294,North Derek,Texas,53841,Zambia,1955-12-29,Male
5ba53790-714a-4397-b362-b1dcc992f89f,James,Chapman,wgregory@hotmail.com,194-930-2390x622,085 Elizabeth Motorway Suite 734,North Michael,Louisiana,46720,Martinique,1983-08-31,Male
6a2d27b6-d2a7-4c01-b8a7-72313fc7fab1,Tanya,Robinson,thompsondaniel@hotmail.com,+1-182-726-4832x1475,056 Dunn Trail Apt. 049,Blackshire,Nebraska,28043,Lao People's Democratic Republic,1957-06-14,Male
10e25216-c9a0-4f44-bf16-0b4a795f073d,Peter,Miller,huntersteven@hotmail.com,(033)319-6618,337 James Walks,New Davidborough,Oklahoma,76106,Maldives,1987-02-04,Male
0574029e-4ab0-4738-a291-9415119fa1b9,Christine,Burke,mbowman@gmail.com,(530)373-8302x377,446 Rojas Shores,Natalieland,South Carolina,16817,Sweden,1977-05-20,Female
e9134c54-b6b4-4f24-9a84-b9d1514b90d0,Mitchell,Howell,michelleortiz@vincent.com,(852)185-5153,8666 Douglas Club,Crystalberg,North Dakota,25146,Switzerland,1984-08-06,Female
b2ffbf2a-ca63-4d92-a0c1-5578071f5dc8,Tracy,Moore,nbaker@david.info,+1-620-479-1511,80091 Underwood Street Suite 862,Lake David,Pennsylvania,95889,Slovakia (Slovak Republic),1978-11-04,Male
0205caf2-27a5-4dc3-b312-8f59c423a3d2,Ernest,Crawford,perezjasmine@wang.com,001-992-114-1497x94960,70554 Myers Brooks,Deniseborough,Wyoming,12185,Namibia,1992-08-29,Male
805b4a99-b3ee-4a35-bb68-a7725485abc5,Douglas,Salas,aflores@fisher-stone.com,001-598-634-1743x441,70670 Dixon Trail Suite 799,East Mary,Louisiana,14522,Taiwan,1969-10-19,Female
ed8f6733-5930-4b12-8399-e97f1c463dbe,Jean,Gonzalez,zachary29@yahoo.com,203-541-0645x935,13577 Grace Knoll Suite 665,North Angelamouth,Florida,13091,American Samoa,1998-04-19,Female
fd64b75e-79b0-42f7-b0de-babf5e54c949,Alicia,Haynes,philliple@yahoo.com,4924481850,15573 Nicholas Skyway,Greenburgh,New Hampshire,52972,American Samoa,1950-08-20,Female
ada1b267-69ac-4e03-aa1b-f85636cc3e4e,Adam,Rivera,amy84@garcia.com,001-031-272-2742x7908,11416 Jonathan Lights Apt. 798,Jacobtown,Pennsylvania,55672,Yemen,1984-08-09,Female
fecab6ed-f0ff-4f11-9a38-708dfd1469dd,Jesus,Reed,wfuller@hotmail.com,454.223.7505x794,17823 Bean Rapids,Andreaton,New York,54757,Uganda,1975-05-22,Female
b061e07f-fc48-491b-9d19-5e3a3917151c,Laura,Wiley,gonzalezjames@yahoo.com,(188)694-3160,503 Decker Way Suite 784,North Christopherfurt,Tennessee,54569,Hong Kong,1996-10-17,Male
d636f2a4-fa09-4f0d-ba2b-2314fa0fa830,Deanna,Juarez,todd68@burton.com,+1-726-669-9478x54692,67741 Veronica Fort Suite 095,East Lydia,New York,09561,Singapore,1950-05-21,Female
3089e45b-18ab-4b14-9e82-4272117016e0,Gregory,Munoz,alejandromeyer@kim.info,802-721-1744x4609,7104 Sarah Motorway Suite 836,South Billyland,Mississippi,01427,French Polynesia,1964-08-16,Male
baa6df70-cd12-4790-96f2-611269067212,Brian,Johnson,nancyparrish@banks-richards.com,001-821-119-1317x6117,281 Melissa Stream Suite 821,Lake Natashabury,Connecticut,96075,Somalia,1969-05-04,Female
7308a771-3f1f-4328-a709-227bbbfc1a0e,Peggy,Rice,pstout@hotmail.com,001-129-654-5850x002,322 Maria Street Suite 244,Port Billy,Texas,46546,Suriname,1994-06-10,Female
fd0ee795-6eae-4f7b-8031-a811e5d741de,Marcus,Galloway,qthomas@lopez-wilson.com,(614)685-0536x068,40415 Smith Springs Suite 324,Sarahaven,South Dakota,15365,Chile,1977-06-16,Male
67ee20d7-9deb-4483-abff-77f312464195,James,Bradley,smitchell@williams.com,263-983-0837x87995,1065 Timothy Forks Suite 903,Gutierrezfurt,Hawaii,20666,Philippines,1972-10-16,Male
9c4ff780-969a-45aa-9dec-73365cd7f7c2,Patrick,Wallace,bryan29@turner.com,242-648-6586,1495 King Haven Suite 980,Pinedahaven,North Carolina,27108,Jamaica,1962-02-18,Male
85933625-e9df-4d6f-ac2d-32d49faea0c8,Jessica,Juarez,perrychristopher@marquez-johnson.info,+1-685-878-7879x29095,6131 Kristina Motorway,South Leslie,New Hampshire,91571,Cape Verde,1976-11-12,Female
921d0db2-06be-41ef-8e25-196c2a274731,Kimberly,Bruce,jenna30@yahoo.com,468.914.2822x15300,1980 Courtney Port Apt. 941,Michaelberg,New Jersey,49079,Armenia,1966-01-20,Male
16c4e3d4-bf41-48d5-8b3e-4c45882b9e5d,Dakota,Garcia,diane95@townsend.info,(631)647-6762x6363,27554 Cooper Estates Suite 253,Mooreside,Pennsylvania,79739,Kenya,1993-03-24,Male
e86c8ba6-ab86-4ec1-acd9-1bd046d8fb4d,Louis,Miller,josephkelly@hotmail.com,165-545-0342,273 Jennifer Green,North Nicholasland,Montana,61300,Libyan Arab Jamahiriya,1988-09-26,Female
4689be7d-22f1-45e8-b034-970e1ed61b32,Donald,Taylor,crystalconley@mcclain.com,462.874.5264,13857 Martin Manors,Stephenton,Florida,46263,China,1977-08-07,Male
5874746c-41fd-42d5-907a-b83094055e2b,Jeremy,Hall,xhamilton@martinez.com,985.759.7844,924 Vincent Station,West Scottville,Arkansas,60180,Malta,1979-07-27,Female
b7ea2542-8650-41af-89ec-ece67c7b4acb,Anna,Hart,ystewart@yahoo.com,572.807.2018,10543 Emma Trace,Lake Gregory,Mississippi,50677,Pakistan,1979-09-08,Female
021ce694-0955-4b46-81c8-67f3b97997c0,Christine,Rollins,philipwilliams@hotmail.com,907.062.3192,4758 Henry Valleys Suite 847,Richardmouth,Montana,99554,Fiji,1991-01-08,Male
e356eb76-19ab-4e53-9099-82f0f18aadac,Alexis,Pittman,richard22@yahoo.com,293.148.8292,73621 Zachary Squares Apt. 192,New Jason,Minnesota,48500,Bolivia,1950-02-16,Male
8303d39a-3a09-4f1f-97ba-3b8689423480,Nicholas,Martinez,kathrynhudson@mitchell.com,001-322-445-2758x1160,56356 Mark Orchard,Phillipsfurt,Virginia,08243,Guatemala,1966-03-04,Male
388356d6-6cce-45fc-9bfd-0e8ed7b80db8,Gary,Davis,zsmith@hotmail.com,+1-228-957-1647x4060,24549 Tracy Mills Apt. 952,Aguirreport,Idaho,76211,Sri Lanka,1998-11-03,Male
21e7d147-308a-4f34-a711-1eacb00455fc,Eric,Fisher,rebeccaunderwood@yahoo.com,(859)211-3137,65459 Ramos Path,West Morganchester,Iowa,99716,Saint Pierre and Miquelon,1994-04-21,Male
8cd6fe83-9eed-4a59-ad95-e2d24c264751,Thomas,Boyd,jason95@yahoo.com,(243)156-2449,0126 Miller Springs,New Carlos,Massachusetts,97808,Korea,1981-07-28,Male
cceb394e-baa4-432f-9a44-60e2e9963968,Jennifer,Bauer,katiechapman@sawyer.com,807.100.9327,499 Edward Vista,New Matthewport,Ohio,30147,Morocco,1964-04-12,Male
04c9fb3e-7e42-4e55-9f2c-30b68046a9ac,Alexander,Gutierrez,sydney51@elliott-bell.com,+1-960-636-9740x2978,001 Phillip Rapid,Lake Jeffrey,Oklahoma,14592,Antarctica (the territory South of 60 deg S),2002-07-12,Male
7fcb75b7-3890-47f8-885b-c34017b5e737,Blake,Sullivan,meganjohnson@yahoo.com,+1-683-859-3067x8035,293 Austin Crest Suite 554,East Barbara,Nebraska,36638,Azerbaijan,1969-08-23,Male
bd7c16cf-d500-4d6b-bdab-30ef6633d251,Lauren,Rodriguez,laurafloyd@yahoo.com,001-628-795-0983x38673,122 Johnson Crescent,New Tabitha,North Dakota,81643,Somalia,1955-11-02,Male
d8574822-b7c2-4052-ae1b-e60d5aef8233,Amy,Scott,bradleyrobinson@yahoo.com,+1-946-039-4351x47540,154 Sabrina Fort Apt. 336,New Traceyburgh,Minnesota,51707,Anguilla,2003-04-23,Female
199c4f43-f9de-4e40-afda-f4c66c048b37,Amanda,Williams,kingjenna@hotmail.com,118-685-2214x4274,931 Owen Knolls,Adamsmouth,Connecticut,18910,Kyrgyz Republic,1999-03-19,Male
fd24dc5c-ca5b-4f47-a231-6bb46b581992,Courtney,Hunter,emorales@underwood-collins.com,061-792-1163x4169,090 Andersen Loop Suite 332,North Amandaberg,Maine,47468,Libyan Arab Jamahiriya,1978-05-14,Female
b23ebca2-5d11-475b-8ba6-b73a25459751,John,Waters,howard05@garcia.org,181.789.7459,06485 Vickie Junctions,Jenniferland,New Hampshire,17188,Argentina,1989-04-18,Male
6f05b98d-f98c-40c5-96ea-0231f553b6ac,Collin,Michael,jonathan05@hotmail.com,355-563-0698x46908,0621 Brent Point,Tamarastad,Kansas,74587,Belize,1995-08-04,Male
218bdf1a-944a-4808-99de-63332022dc1e,Jeffrey,Hamilton,brownjoshua@yahoo.com,270.202.9015,337 Collins Turnpike,Jillside,Massachusetts,86287,Seychelles,1991-02-25,Male
7128657b-c4c6-4e6c-a6c9-d2ff9488c594,Tyler,Frost,davidlewis@garcia.com,+1-819-967-7609x858,94846 Stephen Port,South Joseph,Texas,40811,Saint Pierre and Miquelon,1951-11-03,Male
72a37a20-504e-4e03-b374-3605d2c7ee80,Lori,Berry,shannon19@yahoo.com,165-015-9183x90004,80734 Mueller Greens Apt. 697,Parkertown,Wisconsin,76028,Singapore,1984-09-03,Male
4e3aa25e-2b06-4121-9714-41fbba063cff,Shelly,Schroeder,heather26@baker-bailey.org,+1-328-774-7112x80455,65247 Amber Hollow Suite 495,Port Michaeltown,New Hampshire,82072,China,1968-01-12,Male
5ec92f5e-03c3-4538-bd91-ce94d4903d73,Rachel,Phillips,ksmith@gmail.com,(310)676-9050x074,271 Hoffman Greens,East Brianview,Nevada,69256,Panama,1996-04-24,Female
92b1c46c-761e-48b5-a575-4204fb3c0866,Margaret,Mitchell,timothy54@hall-singh.com,806.508.3183x085,397 Hamilton Mission,Georgestad,Utah,39235,Thailand,2001-04-26,Male
38fe3f2e-272a-402b-901c-d4192bd26ddc,Jill,Sims,xsmith@arroyo.com,001-200-829-2122,6054 Osborne Track,East Briannatown,Mississippi,48649,Guam,1949-06-24,Male
7dc07e07-cd11-4aac-8799-692a62496d01,Valerie,Lowe,calvin35@hotmail.com,238-292-8159x989,254 Baker Ferry,Barnesville,Massachusetts,20124,Eritrea,2001-11-01,Male
11b227a3-cd20-46d1-b6b1-f74a6ef1636f,Kylie,Rogers,laura45@gutierrez.com,(979)693-0520,9106 Weber Flats Suite 093,Mendezfort,New York,79132,Jamaica,1971-01-19,Female
d9dee1a9-8e6e-4958-abf2-390b920b066f,Sarah,Brown,michelleflores@dean.com,001-240-757-5834x907,3504 Chung Forks,East Melissafurt,Florida,33727,Saint Helena,1986-11-09,Male
c63c73ad-34dd-40cd-9be9-e26d8f7a0883,Barbara,Spencer,qcunningham@castillo.info,+1-209-665-4247x469,3277 Jillian Village,Harrisport,Vermont,56250,Bosnia and Herzegovina,1964-08-22,Female
edba927f-a5eb-44c3-a728-a3a5103f78c9,Joseph,Hernandez,david53@watkins.com,001-442-049-5164,988 Jefferson Point Apt. 056,Nortonshire,Iowa,16140,Jamaica,1972-04-25,Male
f3bda964-44ff-4ff4-8bca-246dc547fa0a,Stefanie,Miller,pamela20@gmail.com,(650)558-9968,98335 Thomas Wells,North Danaborough,Nebraska,75226,Puerto Rico,1987-07-19,Male
50ad36af-e3bb-4b02-af26-cb3e89c73a4f,Darrell,Clark,villakari@nelson.com,663.308.4638,554 Victor Forest,New Rebeccaville,Kentucky,57150,Norway,1950-07-06,Male
8a997197-df34-48a8-b805-7355f2a409b7,Kimberly,Garcia,howelltammy@gmail.com,491.167.2532,09077 Roger Gateway,New Lisa,Michigan,23396,Saint Barthelemy,1963-09-16,Female
4de35039-cbab-4191-9e90-5e1a02fa9c3b,Curtis,Hayes,kristi37@hotmail.com,(939)656-4622,39594 Kevin Ways Apt. 634,Andrewton,Nevada,96331,Sao Tome and Principe,1945-04-30,Female
a521540b-59c1-4c07-982e-97019df55503,Ashley,Weber,brownstephanie@chavez-schneider.net,(164)050-0519x0819,99641 Henry Wall,New John,New Mexico,79765,United States Minor Outlying Islands,1961-04-18,Female
5520676a-9b97-4a7f-8777-f60fab2d4626,Ricardo,Williams,wigginsdavid@hotmail.com,+1-713-312-6764x93808,79204 Aguilar Shores Suite 965,Port Caleb,Ohio,66244,Dominica,1966-09-29,Male
e86c06db-067f-4bd2-b74d-1ddefe349d2f,Sandy,Mccarty,michellehamilton@yahoo.com,(553)144-3136x8253,3485 Roy Prairie Suite 712,Port Alexandriaview,Kentucky,01631,Iceland,1970-05-09,Male
f879c316-6e24-406b-a2b3-6a38a0c598a9,James,Munoz,bcoleman@james.org,001-010-298-3256,473 Joseph River,East Dennis,Virginia,04136,Kenya,1962-05-26,Female
23337838-bcc0-49a8-82e5-fcd17e0cb80d,Kevin,Fox,xaguirre@hotmail.com,(020)865-1507,6067 Martin Forge,Port Amyville,North Dakota,29023,Nigeria,1995-12-25,Male
264ea708-c800-4a56-bbe1-3627fd252ebf,Jennifer,Navarro,joshua90@yahoo.com,+1-419-921-7075x46208,63498 Brian Burg,Lisamouth,Washington,80635,Finland,1962-08-06,Male
853c80d8-7f25-4988-a70c-6e4bc405b9ed,Alicia,Gamble,dayamanda@davis.com,+1-455-480-8161,1172 Navarro Lodge Apt. 564,Donaldshire,New Hampshire,72076,Uruguay,1964-12-11,Female
c3e77fa3-b25e-409c-933b-4b0713445349,Robin,Larson,seancummings@ortiz.com,834-085-4620x3943,0066 Heather Springs Apt. 563,Kaylahaven,Minnesota,74609,Cape Verde,1992-11-12,Male
5c9c2fbb-caa3-466b-af61-9c45e008bceb,Christopher,Lewis,ybaxter@rivera-lee.com,001-990-733-4227,13666 Dustin Heights,Dianashire,Indiana,39569,Libyan Arab Jamahiriya,1969-08-14,Female
ea6a4784-c972-4b31-b650-d0f82be9f551,Daniel,Nunez,wademichael@hotmail.com,001-015-734-4101,73786 Mcmahon Drives Apt. 871,Garrettmouth,Washington,23987,Belgium,1982-02-25,Female
a791d15f-a2b8-495c-8f84-89d06dec757a,Katrina,Salazar,jenniferbyrd@yahoo.com,2448469071,7857 Denise Fords Suite 757,Port Hannah,Mississippi,08937,Equatorial Guinea,1987-09-10,Female
2321da5b-0df1-4d85-bafe-cbc5c9d2da4f,Ariana,Matthews,thompsonadam@hotmail.com,001-878-742-0654,00361 Tanya Mountains Apt. 140,South Catherine,California,02985,El Salvador,1953-07-06,Male
5f1c53d8-e5a4-4112-a740-4519741df768,Samuel,Fritz,johnrobinson@barrett.com,(109)003-6407,82155 Melanie Springs Apt. 884,East Jacob,California,13765,France,1971-10-23,Male
9181e4fe-0126-4784-b50d-9119d7070e1d,Nancy,Romero,watsonraymond@ochoa.net,9495300003,14470 Rodney Greens Suite 991,New David,Mississippi,35533,United States Virgin Islands,1968-06-27,Male
dcf8ad57-115a-44b2-94e1-c31a22d577b5,Brian,Ortiz,mindy02@yahoo.com,331-658-1229x38148,53799 Sydney Parkways Apt. 735,Matthewtown,Nevada,99089,Turks and Caicos Islands,1987-08-24,Male
29a0bb36-e49a-416b-a3c7-b53939cccfce,Jessica,Stewart,john56@yahoo.com,001-843-316-3230x561,890 Hernandez Knolls,Perryport,Wyoming,38400,Gibraltar,1972-09-14,Male
1c09149e-a501-47f6-b469-8883c738887f,Joanne,Ritter,itaylor@gomez.com,001-553-145-9017x893,7131 Jamie Rue,West Nathan,Maryland,91568,Fiji,2001-06-20,Female
fdb83134-4729-4afe-ba8b-3cd638a929d5,Erika,Morgan,fred16@woodard.net,+1-505-017-7038x01616,9949 Smith Wall,New Jayburgh,Rhode Island,23760,Kyrgyz Republic,1955-09-27,Female
3a8975df-c5f8-4f9c-9c43-c43d3837b8b9,Shawn,Smith,ygilmore@roberson-walton.info,998-129-0777x46300,7399 Amanda Flats Suite 324,South Monica,South Carolina,14378,Reunion,1961-01-17,Male
62328f1b-b209-4467-a04d-a7f5388988d9,Patrick,Brown,zhernandez@hotmail.com,(871)465-5656x40375,50663 Rollins Run,Florestown,Indiana,83734,French Southern Territories,1948-09-07,Female
7f08fe9c-a8fa-4d90-af42-2f36325bdf6c,Jason,Huynh,joedominguez@walsh-carter.com,870.279.1047,88254 Jackson Islands Suite 457,Rosalesburgh,Rhode Island,59994,Cote d'Ivoire,1961-07-30,Male
acb5fa79-4b9e-4355-9cd6-6024862a430f,Kathy,Pearson,ybrown@yahoo.com,057-571-1844x96571,768 Raymond Keys Apt. 509,Duffychester,Iowa,90218,Saint Barthelemy,1947-08-15,Male
c306f076-3bf8-4730-9b71-34b6a330fbd1,Tanya,Robertson,ginawagner@dunn.com,072-890-9996x47498,2337 Tina Trafficway,Lisaborough,Oregon,94452,Greece,1953-10-01,Female
91b86c46-e4c8-4f8b-8c5d-8c4caf8f2e70,Bryan,Cruz,marydelacruz@norris-gilbert.com,001-430-051-7447x64385,565 Amanda Trail,New Thomas,Pennsylvania,50918,Mali,1967-06-15,Female
603fb7af-ec68-42dd-b4dc-26707bfcbecd,Lauren,Ferguson,hernandezjonathan@villanueva.com,001-685-189-7038x6066,15684 Trevor Extensions,Abigailfort,Mississippi,13338,Syrian Arab Republic,2003-11-08,Female
d4d3ee26-d667-4c5f-908f-91c471d0ca84,Jennifer,Peterson,rhernandez@gmail.com,727-482-2913,0185 Patterson Forks,Port Robertfort,Washington,79642,Morocco,1978-07-17,Female
cfb9901c-6fdb-40d0-bc51-c6664db8fed7,Pamela,Ponce,anthony87@gmail.com,+1-841-950-9242x57365,5973 Butler Streets,Russellfort,Illinois,21428,Lesotho,1947-01-26,Female
3808c5bc-5b40-47d0-8400-ea298fb4dbf6,Kimberly,Williams,danstone@yang.com,026.216.5837x01138,81910 Jonathan Mount,West Vanessa,Maine,75266,Monaco,1985-03-28,Female
d607c509-4c5b-4744-9641-a0200cbc738e,Jeffrey,Ramirez,qmartin@allen.org,(760)929-0410x6023,30976 Wade Fords Suite 157,Riveratown,Texas,04713,Thailand,1951-06-11,Male
c6140508-6323-486a-a95b-86bc128a267c,Brittany,Ruiz,qgordon@williams.com,001-840-653-3350x9101,9186 Fuller Unions,South Shannon,Iowa,77563,Bermuda,1996-02-09,Male
b45cd6bf-8cf0-43bd-82ce-19757af172b4,Walter,White,martha21@green.com,(133)440-1287,211 Lisa Parkways Apt. 327,South Morgan,South Carolina,65464,Bosnia and Herzegovina,2002-06-13,Female
88d69fe4-ddf4-4b08-bfbc-5cc0e9148eb3,Michael,Stephens,knewman@anderson.biz,(883)353-9706x970,52057 Angela Ridge Suite 498,East Elizabeth,New Mexico,15619,Qatar,1992-02-02,Male
c7580efb-d00f-4a33-8647-1ed8da8e3cb6,Jamie,Roberts,adrian95@yahoo.com,+1-109-070-2104x41113,559 Johnson Village,Chandlerfurt,Maine,80691,Anguilla,1959-11-06,Female
44ac2a9a-8797-4783-b02a-79a6bf5598a1,Michael,Poole,dlee@adams.net,429.064.3009,792 Mary Stream,Kennethfurt,North Carolina,91811,Sierra Leone,1948-11-30,Male
321781b6-f69f-4cc0-b1e7-09d13e34ac07,William,Robinson,kirkbarbara@hotmail.com,345-844-6711x632,5877 Clark Plains,Sweeneyville,West Virginia,28933,New Zealand,1976-02-10,Female
e290eb56-d005-4110-9eb9-62ad2316500e,Kyle,Matthews,johnsoncharles@lyons.com,117.477.0488x75972,079 Susan Ramp,Lake Austin,Delaware,51105,Guadeloupe,1971-12-08,Male
09c8449d-e9c4-4141-bac1-f6a3a8261671,Michael,Vargas,roberthall@yahoo.com,715.492.4038x443,1875 Kevin Cove,East Jeffreyside,Idaho,49393,Sri Lanka,1966-04-01,Male
ae4027fe-3c0f-4d28-93dd-12bfeb9e40e3,Jesse,Lee,yscott@miller-brown.org,(380)829-9422,79483 Wilson Fords Apt. 224,Torresport,Illinois,45483,Costa Rica,1952-10-17,Female
5a8d5cdb-2fba-4ec2-ada6-a566ce24890a,Steven,Hartman,kathrynprice@bailey.info,+1-266-763-9049x80790,920 Candice Fall Apt. 045,Lake Kevinfurt,Connecticut,50198,Ireland,1993-10-09,Female
677518f9-ac58-4398-a5ca-d1275ca52c24,Mark,Harris,mistyramos@edwards-hayes.com,001-147-912-4838,695 Nancy Park Apt. 122,Joshuaberg,Kansas,21717,Guernsey,1966-10-28,Female
bb1892c1-a408-4e74-b5af-56a752b88ab6,Felicia,Walker,irwinwyatt@stephens.com,(773)786-4318x7694,12378 Brian Ferry Suite 203,East Caroline,Michigan,46315,Singapore,1976-05-06,Female
a406648e-d9be-43dc-99ad-10d2a326d9c9,Kyle,Kramer,christopher61@hotmail.com,001-795-956-1102x89530,146 Carter Islands,Brownbury,Louisiana,92150,Greenland,1971-10-06,Male
785c313c-56fe-413b-ab59-b7eeff35a292,Kristina,Nguyen,joycelawrence@collier.com,001-493-858-3329,2146 Shelton Hill Suite 530,Thomasland,Florida,30808,Malta,1952-05-14,Female
9667d0b7-fab6-4c40-9aa2-ab320d98df7a,Timothy,Richards,pryan@hotmail.com,(199)376-8583x0049,233 Boyer Well Apt. 203,New Adamshire,Delaware,08835,Pakistan,1946-06-03,Female
40a75e07-16b7-4ddb-a700-fbb57d15d86a,James,Moore,arose@gmail.com,(915)618-5010x440,55427 Webster Run,North David,Hawaii,65767,Namibia,1978-09-28,Female
d4517ac9-3714-445f-a6c2-460639dba9ed,Shawn,Ryan,espinozastacey@smith.com,901-884-2456x16048,9574 Michelle Park Apt. 103,Jeremyhaven,Iowa,93849,Comoros,1977-12-03,Male
d3a3c894-1226-4951-b0c0-325ff8979f84,Kenneth,Phillips,vharvey@hotmail.com,(330)352-4308x66853,1205 David Cliff,North Jenniferville,Georgia,49927,Tokelau,1985-05-26,Male
2b18e575-0706-4252-a745-0e37ce69d61c,Kevin,Alexander,drakefrederick@kim.org,(896)512-1827,90431 Scott Oval,West Nicole,Rhode Island,73390,Jordan,2004-11-12,Male
c5d476a8-30cf-4c3d-972f-bbcc966990ca,Stephen,Faulkner,zrodriguez@martinez.org,081.065.3356,76446 Reyes Drives,North Casey,Arizona,42116,Trinidad and Tobago,1984-12-17,Female
ca037db7-919d-41b0-8f9a-3a9e10eed818,Michael,Mcdonald,richardkelly@hotmail.com,679.969.4991x24289,2914 Torres Mews Apt. 738,Latoyatown,Wisconsin,80026,Peru,1978-08-29,Male
25156c23-e459-484c-bf02-362f839cfad8,Kyle,Russell,uho@hotmail.com,001-635-001-9861x6535,552 Morgan Glens Suite 442,Richardsbury,Rhode Island,14205,Denmark,2004-12-01,Male
72d7b42e-5821-4cb5-b074-d40d6c590bba,Susan,West,sarah40@allen.com,001-704-273-3511x477,5982 Kim Crossroad Suite 418,Meredithburgh,Virginia,62496,Israel,2003-07-08,Male
c8fb5675-9cc5-4ea7-8d5e-f364e3477813,John,Hill,gregg31@yahoo.com,001-665-711-8327x39540,57494 White Bridge,Frankmouth,New Hampshire,16272,Uganda,1973-05-16,Female
7725866b-ecc2-4461-bebb-defb2a6baca4,Emily,Singleton,johnsonemily@yahoo.com,429.771.5684,7594 Danny Club Apt. 671,Masseytown,Ohio,23866,Cambodia,1995-09-17,Female
cf263142-c1b0-4e8f-9fcb-5d1cca227222,Laura,Sandoval,sarahrogers@gmail.com,621.527.1250x1444,367 Joseph Trail,Hudsonport,Mississippi,71241,Mexico,1969-08-07,Female
7ceab178-c1f6-4432-bf0c-80f0484b4981,Keith,Miller,thomas30@johnson.com,011-474-2645x4669,763 Elizabeth Heights Apt. 192,West Sherri,Maine,36808,Botswana,1965-03-02,Male
fc955b31-574d-413f-89ce-43eac2162f2a,Daniel,Gonzalez,alyssa04@pearson.com,+1-339-520-0031x07143,623 Shawn Flats Apt. 899,Carrollfort,Georgia,53847,New Caledonia,2000-03-25,Female
87afc4ad-2d67-41d6-b50f-855c05c4b651,Sherry,Romero,autumnrivas@bender-martin.biz,(966)436-6968x371,978 Mark Trail,Tonyashire,Wisconsin,37543,Serbia,1982-09-15,Female
50bc22b1-78b6-47fc-a48e-62fe265679f7,Miranda,Moreno,milesmargaret@manning-wade.com,001-304-641-8900,316 Jasmine Ramp,Charlesbury,New Mexico,74752,Vietnam,1949-10-16,Male
f7667fd0-54a3-423b-886a-69d59c80b159,Monica,Mills,stephenbrooks@gmail.com,478-063-6792,80838 Johnson Curve Apt. 813,South Nathan,California,54125,Wallis and Futuna,1957-02-25,Male
b7b31629-e2a4-4f4b-bfcf-dd14b3a13fed,Jennifer,Thomas,taustin@moore-conley.com,653-336-2643x2055,3720 Anna Fords,Stevenchester,Iowa,69833,Brunei Darussalam,1995-09-07,Female
79a66689-7909-4336-9bbc-0ef9f3586192,Henry,Leonard,georgerichard@wall.org,(370)688-1470x5707,295 Murphy Circle,East Briannatown,Colorado,54745,Sierra Leone,1962-02-01,Male
d41bc502-af6d-4043-ae6a-855aee83f4b3,Jared,Rogers,jpeters@gmail.com,617.707.3033,821 Avila Lock Suite 200,Port Coreyville,California,27372,India,1965-06-21,Female
4f727f99-782d-4d9f-87e5-9124046a8c72,Joshua,Brady,deanna54@gmail.com,006-507-9523x289,7723 Cardenas Squares,Lake Jeffreyland,Louisiana,59389,Latvia,1967-02-06,Male
69fdbc18-62ef-441c-9380-5c1a5401a0f3,Debra,Thomas,bradleysmith@gmail.com,001-074-591-6456,5538 Bates Overpass Apt. 004,Tammyburgh,South Carolina,98336,Mozambique,1975-11-12,Female
74cdb511-379a-4cf1-bc3d-e7cd16cb9b77,Nicole,Torres,megansolomon@gmail.com,001-842-649-4051x95585,834 William Island,New Joseph,Kansas,51820,Guatemala,2001-12-02,Female
6d831b9a-d73f-4ef5-8201-98ef50aed71d,Amber,Salas,osullivan@hotmail.com,+1-141-572-8781,21458 Matthew Alley Apt. 571,South Elizabeth,Kentucky,07174,Albania,1984-07-19,Male
9d0aaa19-e329-45dc-9f0a-5f035fb6693c,Margaret,Ryan,samantha89@gmail.com,001-637-742-6033,114 Matthew Squares Apt. 611,North Grant,Illinois,26782,Yemen,1980-01-13,Male
0bf8b565-5077-4a47-83c8-e8ce04894893,Micheal,Miller,kimberly38@hill.com,+1-731-950-9423x087,362 Hodges Pass Apt. 713,Coxchester,Kentucky,23522,Saint Vincent and the Grenadines,1943-11-07,Female
db2d80a2-6449-458b-94e1-9f27f6008b69,Sarah,Valencia,valerie19@hotmail.com,001-058-769-7130x5645,52151 Kerr Locks Apt. 592,Wagnerview,Minnesota,21772,Monaco,1947-06-17,Female
74ac70a6-8ab4-4579-9f98-2c5da81eb1e8,Daniel,Kennedy,jonathanramos@yahoo.com,+1-388-872-7277x8598,21567 Dean Lodge,New Sarahberg,Hawaii,34870,Northern Mariana Islands,1991-05-21,Female
c99b5949-4a8c-4d55-97c3-bde3867ac59c,Frank,Jackson,wheelermichael@hotmail.com,+1-389-652-9897x816,5795 Bryant Walk Apt. 777,Port Jason,Idaho,92836,Bouvet Island (Bouvetoya),1986-07-10,Female
