ProductID,ProductName,ProductDescription,ProductGroupID,Price,StockQuantity,SupplierID,Weight,Dimensions,Color,WarrantyPeriod,LaunchDate
e75a46db-0979-41dc-b234-ec30e92a92cd,There,Give size offer consumer positive kind development impact.,77a095b0-ef54-4826-b3bb-b9e9ae20ef26,810.96,906,e76c635f-9deb-4cb2-92a6-fb85006e71ef,9.74,54x25x71 cm,Gainsboro,1 years,2020-05-18
16db8378-2fae-42cf-9802-a9993eedbc24,Pretty,Entire matter some man interview three economy.,89640938-59ba-458a-b0fa-0c0a0054f86a,986.95,421,bc9daf41-a283-43e9-9667-4b60c22522c9,9.5,54x41x1 cm,BlueViolet,2 years,2024-01-08
104952ec-4d11-4248-9d29-184c637a96e4,Someone,Often from reach institution name perform themselves.,9fe23eab-a333-4b43-a913-577d077cc216,720.15,12,7e2cd88e-3423-478c-88ee-99332efce5a7,9.8,87x68x79 cm,Cornsilk,1 years,2020-09-29
25e9d586-bee8-4c16-abe9-3ddb30f120d5,Drive,Democratic political population wrong Mr.,069354c7-29a4-4657-9862-218627619c15,127.71,674,79fda743-2131-4f70-b65d-110b20165bc6,2.07,39x36x89 cm,ForestGreen,2 years,2023-06-12
ffa713dc-f850-482d-9b51-b69bef3d9610,Drive,Message age hand conference I.,40386061-0a22-499c-978b-e40fca539092,480.85,954,7122a571-a30a-4800-a52f-f5ad506486b2,4.03,11x3x36 cm,Chocolate,4 years,2021-03-26
f5b82e53-99ab-42ec-bfed-cf838f2a0d61,Religious,Southern other but certainly worker receive.,40386061-0a22-499c-978b-e40fca539092,862.75,146,d818c715-181b-4354-afee-5029508043e7,6.57,84x83x45 cm,SlateBlue,1 years,2023-12-28
79dcb46f-c095-49a1-9269-bd460891ba73,Game,Vote economic gas five world office score.,89640938-59ba-458a-b0fa-0c0a0054f86a,285.63,29,4d939d35-cebe-435b-97ad-d2ffcc27b10e,0.52,27x88x34 cm,MediumSeaGreen,5 years,2022-10-11
fdf640ca-781a-4443-8f92-52e805892c38,Through,Spring central then prepare fight crime water.,2eb83a97-eea8-4111-8928-417d71c55d2d,947.04,970,88a2adc1-4469-4bf8-97d0-56894fccf64e,5.72,6x96x90 cm,Turquoise,5 years,2023-09-26
089d5d7f-b0dc-4e95-93d7-ef1ea0698821,Do,Action who special factor spend.,186db6f5-0f28-44da-b9ed-3f683fc30f9d,715.23,934,c34c0539-b831-45a1-98f2-6216152ca03c,4.64,56x48x69 cm,Chocolate,2 years,2022-01-17
8b4f6388-7d63-4c30-b288-852a2513e4f4,Myself,Gun go base sign this strong.,069354c7-29a4-4657-9862-218627619c15,381.82,308,ec06f453-6a8e-4bf1-a9d1-4a54dd4fba57,0.19,20x35x43 cm,Beige,3 years,2021-02-27
6db643fc-4f20-45f0-8b92-14cdc8d0a9bb,Artist,West their free baby.,4db3f4af-b967-4d74-bdad-43240bd3ebcd,721.31,356,85c643e3-1be3-4de0-8e1d-c97efb87e855,7.82,5x6x35 cm,LightGreen,2 years,2021-03-25
ea28bc6e-3f5c-457e-aa15-6fb498679f3d,Guy,Oil popular order join future second reach leg.,89640938-59ba-458a-b0fa-0c0a0054f86a,982.09,306,4a12cde5-4667-4cdd-b331-5bc2ccb40559,3.67,71x17x38 cm,DarkOrange,1 years,2024-06-24
fd431bba-3f91-46ac-bc6e-153a9ae3d078,Accept,Employee box available voice threat house.,186db6f5-0f28-44da-b9ed-3f683fc30f9d,733.22,966,48854229-cec9-4e2b-b0cd-44823a914bfa,0.58,23x67x94 cm,OldLace,1 years,2020-11-10
435c5697-3ded-4feb-8f3c-eff8621aca36,None,A in politics trouble generation almost score city.,f339f62b-efdf-4e3e-ac65-80ae6674cc61,409.14,346,20f6cf83-2cb9-4281-afb8-9382a888f507,3.06,14x13x72 cm,Fuchsia,4 years,2023-11-21
2acb1af0-c685-4542-bef1-7836601ffeeb,Fill,Low Republican since present guy community already leader.,186db6f5-0f28-44da-b9ed-3f683fc30f9d,343.71,827,9f6aa625-49ea-42a3-9a1e-bfd8bdc2897e,9.76,44x16x62 cm,Plum,1 years,2022-04-12
7b5cbf66-d986-46ae-8996-03631b531833,Hope,According east threat year day.,186db6f5-0f28-44da-b9ed-3f683fc30f9d,432.27,319,2dc59882-b77d-468a-9e0c-c43e65710d99,3.42,88x20x22 cm,OliveDrab,5 years,2022-08-14
e66a5942-a14d-4d62-a7fa-8f5b7cbf7f83,Conference,Information south write.,caaf97e8-3085-46e3-87ec-d7daf1d7fe0f,808.06,664,92988382-655a-415d-a895-ee85016eb78a,0.96,11x26x96 cm,Salmon,2 years,2021-07-07
75904d18-e374-4dd8-abf0-c215ddd6d262,Particular,Fast spring produce general parent heart.,77a095b0-ef54-4826-b3bb-b9e9ae20ef26,390.96,110,1cfe2343-cb65-4b72-b300-875d98f14f6d,4.0,67x38x58 cm,PeachPuff,4 years,2020-12-17
a421e76e-511c-4e48-8d34-f99c51728e5b,Huge,Along son make time since.,e916dafb-0783-4fb4-957e-a6a7e13edb23,717.26,232,7e3cdc05-6094-450f-bd8a-3095c4a878d5,4.29,48x29x34 cm,Tan,5 years,2021-12-09
b20fbcdf-cb55-4719-84f2-5187cde3b6b5,Onto,Window send the live economic.,7647c201-34e4-4279-b121-de6c851d13fb,436.91,377,b9d98653-515a-46fa-84c3-00b1c525dd39,1.24,90x4x68 cm,DarkOliveGreen,4 years,2021-02-19
b1a45e4c-5a3f-41ad-9ec0-5bc111bc4b9b,Citizen,Significant first sing standard wish.,069354c7-29a4-4657-9862-218627619c15,127.72,417,74784128-2055-4883-84a9-7d5cbd28941e,2.64,83x6x28 cm,SteelBlue,5 years,2023-03-12
88499762-f9bc-4ad4-8dcb-7f7be6978271,Company,Let summer either hard figure hope.,89640938-59ba-458a-b0fa-0c0a0054f86a,113.58,479,2e176c5e-4fb0-4a72-829c-e7048fe8916d,3.84,70x20x14 cm,Plum,5 years,2024-06-10
2e6fd102-4f8e-402f-9913-5899273e5584,Attention,Light fight adult family story yet.,186db6f5-0f28-44da-b9ed-3f683fc30f9d,156.92,425,c1589c61-22c9-4e47-8701-c26878bba617,6.42,55x67x64 cm,SkyBlue,3 years,2023-04-14
5fa6437b-8c17-4cad-8a30-f0bc4362cb6b,Right,Risk painting camera film leave military.,186db6f5-0f28-44da-b9ed-3f683fc30f9d,998.2,660,66da29bf-f29c-41a5-aac9-e8752b9e8358,6.73,26x70x79 cm,GreenYellow,2 years,2022-08-12
98ca1aae-16f7-40bb-9ca6-24885df4bdd6,Bed,Cause bring growth mention local official worry.,9fe23eab-a333-4b43-a913-577d077cc216,346.82,995,3386695f-8447-4893-a5ce-f5c87f7a877d,7.5,41x42x5 cm,GhostWhite,5 years,2023-07-26
d7a7e3b3-6369-4526-a93e-36d11b78e60b,Property,Environmental time option a police.,89640938-59ba-458a-b0fa-0c0a0054f86a,875.74,627,db6884d2-7490-4c14-b6fa-60bfcf72c034,7.86,49x75x38 cm,MediumPurple,4 years,2020-11-03
553812b4-9360-410a-b789-2f7ebb7d8b81,Question,Bed him vote require explain.,50675f88-c045-4ca6-882b-29c017ea798e,801.95,538,c3d1bc03-ef85-4b25-94bc-3bed72c46166,8.7,6x9x29 cm,DarkSalmon,2 years,2020-11-03
1c617ce2-0d71-44fd-ab01-da707cdac402,Half,Decide street pretty second mind start class.,77a095b0-ef54-4826-b3bb-b9e9ae20ef26,307.44,787,23f89920-b84a-49a9-b8be-ab1942d7cb61,8.46,43x21x20 cm,Azure,4 years,2022-05-03
a36fb657-9348-4eab-8291-1150198e6682,Enter,Able far sing hand.,4db3f4af-b967-4d74-bdad-43240bd3ebcd,509.95,932,fe4795bf-8272-4f00-9772-4f55497b2247,5.35,5x74x12 cm,PeachPuff,5 years,2020-04-11
31480000-88c7-4d16-9729-42b8d639ec13,President,Culture ability beat.,76c65980-f08a-4568-b6ab-972025bcf196,990.63,774,da1c5f0a-bbb8-4309-9208-57bd807e95cd,4.32,97x27x38 cm,Teal,5 years,2023-05-13
79c79975-41d3-440c-b415-e64443cb4de8,Western,Recent blue politics firm phone conference.,76c65980-f08a-4568-b6ab-972025bcf196,423.66,503,c9aed96d-5a0c-435f-913b-c2fc1d6bba34,8.47,50x78x76 cm,LavenderBlush,2 years,2024-02-18
e24f89bb-8fd2-489d-ab7b-f1e23562dd13,Network,Owner it message meeting free even high body.,9fe23eab-a333-4b43-a913-577d077cc216,660.41,10,e5561725-0895-4d77-932c-22e721c2ff08,7.43,39x65x73 cm,AliceBlue,3 years,2023-06-24
73b84444-49d9-47dc-9d36-43fbe62ecccd,Tv,General family science though.,2eb83a97-eea8-4111-8928-417d71c55d2d,74.96,890,7045eaca-25cf-48a5-aa72-9667f9cc3346,2.69,39x99x53 cm,BurlyWood,4 years,2023-02-28
dd94b331-4e8d-4214-960b-36e230938ae7,Court,East mind weight sell.,caaf97e8-3085-46e3-87ec-d7daf1d7fe0f,71.64,666,2f3eaa9a-90ad-43ee-9388-4ce49b005ec8,9.36,31x37x94 cm,LavenderBlush,3 years,2021-11-26
9c65f8d0-277e-4af2-a098-7f370df20d3b,Free,Test senior area third.,77a095b0-ef54-4826-b3bb-b9e9ae20ef26,942.44,502,eba61e6c-4c5c-45a1-bf57-07dd28b5d2c0,4.24,63x78x92 cm,MediumBlue,1 years,2024-04-01
6f80aaaf-67e9-4b98-a509-80fcf406dbf7,In,Ready marriage grow another car behavior game including.,89640938-59ba-458a-b0fa-0c0a0054f86a,812.19,371,98bdfcb4-1536-4d12-960e-a8825003a478,4.17,79x60x50 cm,BlanchedAlmond,4 years,2023-10-11
57dc9716-0b49-4da8-91cd-72286ece0630,Will,Particularly ground source dream ok war.,77a095b0-ef54-4826-b3bb-b9e9ae20ef26,110.47,806,87be8c92-14e0-41b8-afa5-bd827cfe8ebf,1.6,5x77x80 cm,Aquamarine,2 years,2021-11-14
45ef6237-6452-4181-9e45-363a7617caaf,Spring,Away thing bed concern worker drive sit.,2eb83a97-eea8-4111-8928-417d71c55d2d,114.24,572,2f7d2bff-56e4-43d6-bd07-252a99050705,6.53,25x50x100 cm,LimeGreen,4 years,2020-11-30
a4859c16-75be-4505-ad60-8845aba0e14b,Above,Soldier around through realize season small long.,40386061-0a22-499c-978b-e40fca539092,882.46,634,fa2b0cc6-acbd-4c0e-83d9-db14e4e7ce01,7.04,79x81x44 cm,GoldenRod,1 years,2023-09-10
4c2d45cd-4a52-421a-a2fa-0d126910eeb3,Choice,Daughter nice resource.,76c65980-f08a-4568-b6ab-972025bcf196,303.42,879,dfad8628-f0ed-4751-95f0-19076db73df8,1.36,50x38x96 cm,HoneyDew,1 years,2020-07-27
efd62963-3ccd-40eb-839d-468cab7f205c,Class,Sister current sister what religious southern size.,f76201b2-494c-4d4d-a5d2-3a121dfaa9c0,861.83,203,0750da1d-54b0-437e-aeab-cb7115d1f9bf,0.48,51x57x48 cm,Silver,2 years,2020-01-29
07c514d2-0664-4209-8b9e-9eb09cc2597a,Seek,Mission even against talk relate theory magazine.,deb9a8f1-fd9a-4034-aa9f-6e384bfdd556,362.99,657,f8ae2c07-1dcb-45c9-9b8f-58ebb9b84da6,0.85,6x6x63 cm,Gray,3 years,2020-08-18
02162868-e525-450a-bb69-bf8b427e2f44,Daughter,Air six think suggest state huge his.,9fe23eab-a333-4b43-a913-577d077cc216,945.34,692,6ff865d3-4f69-438f-8a0a-df66f2fb5570,5.74,28x30x12 cm,YellowGreen,5 years,2023-08-07
a0401807-b92b-411e-ab1e-99abd9fce571,Forget,West include environment president.,f76201b2-494c-4d4d-a5d2-3a121dfaa9c0,425.91,322,5c30bdfc-f11a-4fa9-8015-c2f5ecd56ca1,9.46,19x55x73 cm,DarkOrchid,4 years,2023-07-15
967a5e38-770f-43ec-8103-477faa120d58,This,Glass PM since loss.,50675f88-c045-4ca6-882b-29c017ea798e,936.4,435,b9493e6c-9e48-444c-883a-2b3fa2852546,0.72,54x100x20 cm,Orange,1 years,2023-10-04
88d6b210-ec07-4975-a75a-2dae672e6110,Protect,Green understand media each toward discover easy.,deb9a8f1-fd9a-4034-aa9f-6e384bfdd556,436.78,437,3d310568-12cd-4a4f-a495-ef82de3aa119,0.4,42x93x33 cm,LightCoral,1 years,2023-08-31
c07d34fc-0d2c-4844-b10e-990eb3949c42,Leave,Example agency career marriage no.,4db3f4af-b967-4d74-bdad-43240bd3ebcd,79.63,377,64711df6-4fcd-4548-a7f1-502619ac193b,6.95,45x45x23 cm,Snow,1 years,2024-04-02
7c1d241c-44c9-4722-8d8f-56da5ed1d0d8,Around,Probably line and recently pay reach direction baby.,3b980e87-bb4a-4d27-95c1-e8f07e5752cc,820.82,82,7aece086-a0df-4dc7-9b18-f26fe38d98a4,6.01,19x27x1 cm,LawnGreen,2 years,2021-04-15
d00dc9ac-1414-4462-9a74-85cc0bc70c01,Language,Process right fight stay player degree window.,40386061-0a22-499c-978b-e40fca539092,750.5,310,d33b30c9-1816-4330-9ce3-c67845e7dcf6,3.75,4x78x30 cm,Salmon,2 years,2022-06-30
376cdf19-ac7e-40b2-a41a-6616371d56a2,Fast,Reach difficult represent deal.,7647c201-34e4-4279-b121-de6c851d13fb,459.51,498,69192d56-4cf3-4e0f-a19c-4ddbdf1e72d3,3.51,34x17x4 cm,BlueViolet,2 years,2024-04-26
7ac1ea95-6707-4e1e-a2fc-074665a4acbc,State,Test operation development trip.,4db3f4af-b967-4d74-bdad-43240bd3ebcd,341.66,993,0df13045-c61e-4911-90d0-50c8c7c9f85f,3.0,71x82x42 cm,Indigo,2 years,2020-02-26
47027c2f-00df-4ff1-9964-2e916c3991c3,Need,Report manage much describe ground information new into.,e916dafb-0783-4fb4-957e-a6a7e13edb23,993.02,115,d09f9911-7828-4a6b-aa15-3048c0225137,5.38,40x21x49 cm,LightGoldenRodYellow,2 years,2022-05-18
d3f194ba-6c2b-4b79-8f7e-9af6bcdd417d,Now,Suggest fund fact safe about.,89640938-59ba-458a-b0fa-0c0a0054f86a,806.35,333,b93da364-6666-4308-9d28-440a5cddad84,5.13,31x97x24 cm,DarkRed,3 years,2023-03-12
29f42faf-0958-46f7-ade4-0c628970691c,Thousand,Those marriage look hand somebody citizen.,4db3f4af-b967-4d74-bdad-43240bd3ebcd,425.59,57,44a66ebc-24e0-4b6d-9217-df201605eb55,8.62,77x3x51 cm,Orchid,1 years,2022-01-31
34fcbad3-b8b2-496e-8adf-6289cb8c3bc7,Though,Yes cause trade town.,50675f88-c045-4ca6-882b-29c017ea798e,140.7,316,5e0ccfa9-99d4-41d8-aa50-88e67bb8152f,5.55,95x19x76 cm,LimeGreen,4 years,2022-05-05
7d58e34a-f90f-4db6-b78b-09c3674d4b23,Make,Reveal difficult article certain director good toward street.,f339f62b-efdf-4e3e-ac65-80ae6674cc61,640.6,96,60aa4846-f450-4577-8320-24821f9ad7c5,2.56,81x48x82 cm,Green,5 years,2024-02-10
0c5ad6dd-fadf-4cf8-8810-95fb9e63e7d4,But,Education which important visit article audience story.,77a095b0-ef54-4826-b3bb-b9e9ae20ef26,382.67,18,f4372326-d321-4874-afa9-c71122dee68d,4.23,94x42x57 cm,HoneyDew,2 years,2022-10-13
cd76d561-7f0f-4da5-861f-269a7b14f953,Age,Kind win safe question.,4db3f4af-b967-4d74-bdad-43240bd3ebcd,300.38,492,b8ee7a3a-0a9c-4176-a4e8-5db4cde00569,1.0,24x14x36 cm,Tan,1 years,2020-04-21
56c6bd62-e91a-4886-802e-baa5d75f2562,Case,Song make available tree.,5fd7d292-c992-450c-b6fc-c17eeedcd32f,609.49,167,4b8f4706-3a47-4c90-8ded-dc0b5520aca4,7.98,58x52x24 cm,CornflowerBlue,4 years,2024-07-28
7ea6ed3d-4e21-4613-9e5c-e135722291ec,Air,Throughout would professional.,f52b037c-6409-4bd2-969e-a0cb44b2886b,182.99,992,db0fe97f-f2bd-4888-9907-b3891de39809,4.59,67x19x46 cm,MistyRose,4 years,2020-05-20
3f0baf5a-d4dc-4ea1-ab82-fc5ac81c0341,Direction,Nature often smile serious final develop turn.,50675f88-c045-4ca6-882b-29c017ea798e,488.46,218,2564a484-3184-4778-9c3a-6165ebfec1ac,3.02,90x58x80 cm,SlateBlue,4 years,2021-07-08
4180a719-f614-4708-bf3b-c905fdfbaaab,Soon,Unit gas personal wish article.,9fe23eab-a333-4b43-a913-577d077cc216,226.55,127,c795f06e-026e-4497-a01a-35ffd43625f4,7.71,81x39x70 cm,RoyalBlue,5 years,2022-09-11
eb6c7e5b-6871-46e3-954b-b146659149d7,Whose,Heavy amount middle us nearly drop quickly.,89640938-59ba-458a-b0fa-0c0a0054f86a,429.97,779,87f90060-8eae-4956-a743-c5936dc4c43d,4.77,87x64x98 cm,SteelBlue,2 years,2022-01-12
ce2801d7-09e6-4103-abaa-aa58d87e6d8d,Artist,Kind by us analysis collection.,5fd7d292-c992-450c-b6fc-c17eeedcd32f,764.38,296,5b568c8d-6562-4606-9969-cdbeaca713a4,6.36,3x16x35 cm,LavenderBlush,1 years,2024-01-08
58e012b7-d567-4bf4-891d-0ea9748dd39a,Beyond,Quickly involve of service drive attack.,9fe23eab-a333-4b43-a913-577d077cc216,264.01,548,f01765fc-7b87-455e-9a6b-d8311b83d5a1,8.92,91x51x57 cm,OldLace,1 years,2024-02-11
c2eb0730-5898-40ad-bc73-5c6746c9dde0,Including,Eye remain ten page.,cf5f7cb6-3ea8-4f13-8fb5-82f6568bffe5,360.28,902,61dfc76d-5068-410b-9c35-cc0c3d180830,7.58,26x77x11 cm,AntiqueWhite,1 years,2021-10-21
327c7813-3e3c-45e8-937a-9641f1d04795,Teacher,Discuss according structure follow attention.,50675f88-c045-4ca6-882b-29c017ea798e,794.31,322,db8dd6df-d5ae-4bc7-9a0b-ee3ddb359bca,5.38,16x68x32 cm,Aqua,2 years,2023-02-11
ed9c26ff-ae3d-48ed-b7ff-1bae52e6a2da,Little,Anyone nor even common over next education.,50675f88-c045-4ca6-882b-29c017ea798e,420.68,306,01716a6b-e419-4aa9-bb17-8ec531bc0b22,2.9,18x74x67 cm,DarkCyan,2 years,2020-11-23
114c3dcc-1378-4cbe-9428-158878ebd183,Involve,More understand as girl people system.,5fd7d292-c992-450c-b6fc-c17eeedcd32f,114.25,988,b0de3479-dbd1-47c6-909e-e6dab0a7b300,6.38,52x95x100 cm,Pink,3 years,2023-10-17
fce8448d-4915-49d2-aeb8-6e516ffd3978,List,Important word effect six too trip.,f339f62b-efdf-4e3e-ac65-80ae6674cc61,447.94,591,0a02666f-83c9-4008-835e-b050c22f3721,6.33,21x16x90 cm,Yellow,1 years,2024-07-06
5e788465-6a9c-4f9e-92a6-bc658f74eadd,Visit,Party industry relate affect contain tell tough.,caaf97e8-3085-46e3-87ec-d7daf1d7fe0f,407.2,489,85afc9e6-15aa-4344-91bd-64c9ac5e8804,1.48,86x39x46 cm,Violet,4 years,2022-07-21
9925b5f0-e00b-44b1-9076-f6069afb8bc7,Also,Quickly trouble air easy dark deal.,f52b037c-6409-4bd2-969e-a0cb44b2886b,225.83,510,6ae8c3a4-b423-4447-882c-4e4c8307709c,6.98,41x64x84 cm,BlueViolet,1 years,2021-11-02
b7a52e53-13bf-489b-a5e4-b6d206a15be3,Race,Onto control nearly evidence something really manage read.,deb9a8f1-fd9a-4034-aa9f-6e384bfdd556,307.18,773,0ba0742f-e9d2-429a-abb5-5f35f648cddd,5.01,80x28x4 cm,Peru,3 years,2020-01-23
73899651-abd6-43d7-becc-75f9e9a50f99,Her,Only four a decision.,186db6f5-0f28-44da-b9ed-3f683fc30f9d,397.06,20,b385e27e-f03d-4339-9d3b-4c160ebfc289,8.48,9x88x11 cm,Fuchsia,4 years,2023-05-04
21358dd3-1a73-41fb-aae3-1ea4e898aa37,Policy,Nor make development low operation training issue.,9fe23eab-a333-4b43-a913-577d077cc216,367.67,128,6f04f1e0-d763-45c0-aafc-771b02f19f31,6.25,35x82x90 cm,LightYellow,3 years,2023-09-16
6358ffc7-1b56-4dc9-b43f-594c409bc461,Your,Exist page school another sell.,3b980e87-bb4a-4d27-95c1-e8f07e5752cc,149.27,596,5d776bbd-55ce-4091-a047-1d98f8932cda,2.95,14x56x59 cm,Orange,3 years,2024-06-14
ad43078d-4279-476c-974a-f0972f0a2508,Rate,Yet yes responsibility heavy the prevent.,caaf97e8-3085-46e3-87ec-d7daf1d7fe0f,176.57,441,e7083f3d-e1d2-49ee-a5da-af689a1a0f78,6.52,88x56x19 cm,MediumOrchid,4 years,2024-03-23
9fbd8788-663e-43d5-bba5-2cd4fc787a6a,Ten,Guy former opportunity article alone.,89640938-59ba-458a-b0fa-0c0a0054f86a,528.92,142,45558eb9-cdea-4dba-98e4-0b7b07db0384,2.17,24x57x45 cm,Purple,4 years,2023-06-25
c2a9d07b-4f6e-4496-bb97-6e11d038bbb6,Model,Executive success top ten bed.,f52b037c-6409-4bd2-969e-a0cb44b2886b,808.78,408,5d56089c-26ce-4b37-8f98-a0eade61e6ad,7.32,26x57x27 cm,DarkMagenta,5 years,2022-01-06
bb5b3300-f642-45b3-8dcc-e45cba1cdade,Night,Food clearly society should think stay special.,77a095b0-ef54-4826-b3bb-b9e9ae20ef26,906.76,44,37b98643-ab29-4d43-ae6b-b5833b04a18c,2.42,11x24x47 cm,DarkGoldenRod,1 years,2021-04-22
cf746b47-fae8-4278-ac2f-59a743fe4466,Try,Take body suggest ten.,7647c201-34e4-4279-b121-de6c851d13fb,240.73,314,af523c4d-6980-471c-a5d8-4118488302d2,6.16,91x66x97 cm,SlateBlue,3 years,2023-04-14
3cc804fb-faad-46f9-ad99-bc45161fd28b,Contain,Many agency show cover form operation.,4db3f4af-b967-4d74-bdad-43240bd3ebcd,417.32,65,b42358a1-1a77-4cc0-981d-596735f4223c,6.36,67x86x84 cm,LawnGreen,5 years,2021-06-11
64b3f2ff-e64f-4c46-82b9-a20a8ff7efb0,Image,Operation environmental teacher mission practice take ball.,f52b037c-6409-4bd2-969e-a0cb44b2886b,585.15,511,a9714189-bb23-461c-9762-ae0c22967d50,2.62,61x28x44 cm,LightGray,3 years,2023-03-08
2cbb41dc-8a17-4915-82cb-50a74e1230aa,Detail,Raise issue seek begin phone long scientist agent.,77a095b0-ef54-4826-b3bb-b9e9ae20ef26,53.37,176,1a762210-eb5d-4aa8-af66-2fbfb6ff75ce,3.56,38x84x1 cm,Cornsilk,2 years,2022-06-29
39cb68d4-a5a5-46c0-bbac-859faf3ef67c,Report,Not item education shake.,50675f88-c045-4ca6-882b-29c017ea798e,788.81,706,0a86be46-f50d-406b-819f-ddc22d79379d,2.3,78x51x72 cm,OldLace,2 years,2021-10-13
9ee447f3-47d7-40d0-aba8-84643424efc7,Nor,Unit charge lead music see business.,deb9a8f1-fd9a-4034-aa9f-6e384bfdd556,200.92,632,f1e303d6-93cc-4f78-98a5-9e21f6c894e1,1.11,11x41x42 cm,Gainsboro,5 years,2024-05-30
4ff40289-f96a-4db7-b751-a31b77ef65dd,Three,Language company sea television.,deb9a8f1-fd9a-4034-aa9f-6e384bfdd556,894.54,271,35224652-1d89-47cd-ae92-eb1fd4f200a2,0.39,6x25x48 cm,DimGray,1 years,2020-01-13
6d891455-a55c-4f71-95e6-8cd9ee77bb33,Same,Job successful animal no take.,069354c7-29a4-4657-9862-218627619c15,871.25,364,09d04ae0-f841-419e-ad83-34a79891c004,1.96,26x33x87 cm,Snow,3 years,2021-07-10
162278ec-feab-4ae5-afed-1b9e335c9118,Within,Least sort rise actually born.,f339f62b-efdf-4e3e-ac65-80ae6674cc61,521.73,403,b01cfb35-850b-43f5-97ae-5590ed334b9c,2.62,45x92x31 cm,LightGray,1 years,2021-10-28
46d95312-cdab-4308-8aa2-a89ae789e80a,Us,Hit truth become build identify seat run debate.,f339f62b-efdf-4e3e-ac65-80ae6674cc61,934.84,84,ae0a9460-2d20-4214-a8fb-c67791b920ce,0.19,64x93x57 cm,Magenta,1 years,2020-02-16
f9866e1a-3375-4ce0-9c96-84855db45cad,Business,Sound detail tell hospital also billion.,f52b037c-6409-4bd2-969e-a0cb44b2886b,979.1,481,53b4e922-3531-46e4-9ef5-96b764bf2431,4.46,11x11x31 cm,Crimson,1 years,2023-10-17
b1767e9a-c927-40b1-a668-d2f6fdfa6fda,Want,Democratic perform tonight realize rate staff.,89640938-59ba-458a-b0fa-0c0a0054f86a,419.87,951,a6f56640-90cc-4e49-943e-5109c7611c81,2.21,79x10x55 cm,Cyan,5 years,2023-07-18
cae024a9-1d09-4085-a93e-26d47c4f8150,Full,Prepare finish nothing share toward.,caaf97e8-3085-46e3-87ec-d7daf1d7fe0f,48.96,194,2e7ebabe-7d1c-41b2-8d3d-421804bef8d6,2.57,29x17x36 cm,LawnGreen,3 years,2021-08-13
4e8a344d-b39a-4799-83fe-6fcb6e6554bd,Why,Important center tend sea development view.,2eb83a97-eea8-4111-8928-417d71c55d2d,994.72,119,0694eadd-190c-45e4-96fa-d2d2591fd448,5.61,37x79x70 cm,PowderBlue,2 years,2022-06-16
ecc4a550-7ac8-4060-8b98-059de84e2314,It,Social artist hot.,f339f62b-efdf-4e3e-ac65-80ae6674cc61,779.69,536,6988d694-d836-4280-a407-316e1342b8bc,6.09,69x82x34 cm,Bisque,3 years,2023-06-04
2e67a2c0-5e6f-4ea3-bf3d-4ea16f9665ce,Blue,Both after analysis.,3b980e87-bb4a-4d27-95c1-e8f07e5752cc,26.39,639,eb1181fa-dd9a-4d08-84c9-e2024de7e680,7.86,13x23x94 cm,OliveDrab,4 years,2021-03-20
13d2ae3f-4c14-435b-8458-e94cb12ee57a,Method,Skill before any impact.,3b980e87-bb4a-4d27-95c1-e8f07e5752cc,225.88,910,380d174d-4ff2-49f0-9bbd-d84bdc653dba,7.39,85x1x95 cm,LightBlue,5 years,2022-01-03
cda9f719-46fc-4fc8-a8a4-f3e9c8fd728c,Tax,Authority probably design.,f76201b2-494c-4d4d-a5d2-3a121dfaa9c0,433.99,60,1dee0fcd-cde7-4d90-bb27-86e3f74a5a6c,1.31,83x35x16 cm,HoneyDew,5 years,2023-09-28
bf27e176-3b80-40f8-860b-4c7010615caf,Tough,Much region give project particular itself.,4db3f4af-b967-4d74-bdad-43240bd3ebcd,237.27,743,25c10fe9-1769-4339-93bb-34b94a2cf269,7.06,85x37x29 cm,Olive,2 years,2024-02-11
249324d2-31c4-4ed7-b2a5-8b9a898687a3,Keep,Statement account soon I within candidate.,50675f88-c045-4ca6-882b-29c017ea798e,522.97,700,a235a9f2-6a46-4ae0-900c-3b671cc56bef,3.34,48x81x62 cm,SlateGray,3 years,2022-04-10
51e3eb45-149a-456f-9f77-30e3c65b4331,Record,Must and speech country admit follow break.,e916dafb-0783-4fb4-957e-a6a7e13edb23,179.67,839,01314ea1-c733-420c-8d04-4deb17631917,0.25,65x42x47 cm,LawnGreen,5 years,2022-09-13
fbbcc545-14b5-42d0-9dfa-6c1bdfc6e253,Which,Push first crime onto star board.,9fe23eab-a333-4b43-a913-577d077cc216,813.88,907,3ea9cd5f-3c02-4d00-9abb-ab91c545a4a4,4.02,23x66x10 cm,LightBlue,2 years,2022-07-19
6d4833ca-624d-495f-89f6-4b904d12d995,Across,Onto gun TV from.,069354c7-29a4-4657-9862-218627619c15,783.63,803,3619cc74-0fc5-4a3a-b442-070cdd27cb75,5.02,99x90x28 cm,PaleTurquoise,2 years,2023-10-04
08c65ae3-4c8d-4322-a2be-1f75f664f7a3,Cover,Beat half gun some although middle.,89640938-59ba-458a-b0fa-0c0a0054f86a,818.01,788,3b08943e-4258-415d-9d74-a9958a66a133,3.91,78x76x17 cm,DarkGray,4 years,2023-03-10
019bc623-943c-4217-bd2d-378b180d8a5c,Town,Note word be water career.,40386061-0a22-499c-978b-e40fca539092,619.86,36,5bcdcee0-ca99-43b7-a02b-beec5a95163b,5.31,46x63x59 cm,LightSalmon,3 years,2022-07-05
2d660847-4126-4e41-8eaa-fff6d51a6ee1,Thousand,Movie organization want build.,9fe23eab-a333-4b43-a913-577d077cc216,959.04,578,13722f82-8b6a-490f-8f7e-c6b1573cc88a,6.56,85x64x95 cm,Coral,4 years,2024-07-11
4e7f7a1e-05df-4df0-a4be-beaeead23cb8,Election,Argue no from technology away cell office company.,5fd7d292-c992-450c-b6fc-c17eeedcd32f,320.8,878,4f7419a1-e43e-4b00-9c17-9861549a3ee6,0.88,18x78x52 cm,MediumVioletRed,2 years,2021-02-20
3f172dd6-3937-451a-90ff-22e1cd6cc2de,Ever,Listen require each tend serve far glass.,2eb83a97-eea8-4111-8928-417d71c55d2d,787.52,403,576d8f44-3420-4645-ba4d-c44d5ebe8b14,9.44,27x5x41 cm,Olive,2 years,2024-03-12
0b841981-54a4-404b-bd00-4a21e4e3a059,Generation,Wall organization certain discover through.,2eb83a97-eea8-4111-8928-417d71c55d2d,864.33,694,1a7e94a8-4dba-4c13-96d2-b927f21513fd,7.29,85x29x34 cm,Lime,3 years,2021-03-12
5496a118-358f-4f11-a06b-9f6f851cb96a,End,Charge beat trouble matter spend beat.,7647c201-34e4-4279-b121-de6c851d13fb,311.85,374,de5585ef-a9b4-40a1-8299-fccbd6695c0b,5.78,8x94x81 cm,Lavender,2 years,2022-07-02
72f2b9ec-8a18-4b3c-8041-0ee7935d627a,College,Every agree bad.,4db3f4af-b967-4d74-bdad-43240bd3ebcd,31.77,652,d55d9ae1-8634-4137-8a44-985b282ae26f,0.71,31x6x2 cm,LightGoldenRodYellow,2 years,2022-09-14
77cbd9f4-773f-40ab-9695-c8afa9c7ffc1,Last,Career professor ready politics order indeed.,2eb83a97-eea8-4111-8928-417d71c55d2d,75.88,73,1661b261-0b05-46fb-9408-f26f3b5c0313,3.51,85x55x18 cm,MintCream,2 years,2022-07-25
33f32c0b-b690-45d5-b08a-51d25237672e,Own,Bill know them international both join figure.,deb9a8f1-fd9a-4034-aa9f-6e384bfdd556,440.86,376,89c35a35-e052-4fc5-b3d3-4b6d8eb3e067,3.19,84x43x94 cm,LightGray,4 years,2021-06-01
7952bdf5-bbcc-48bf-9ec1-8982d9f515c6,Include,Capital impact case military turn discover crime fear.,caaf97e8-3085-46e3-87ec-d7daf1d7fe0f,19.54,922,cecf619e-db30-463e-ac62-bb96e10de4aa,2.71,69x95x88 cm,LightYellow,4 years,2023-11-29
09406307-0efe-4936-9390-78b42faaaeca,Million,Our garden family relate matter after year.,77a095b0-ef54-4826-b3bb-b9e9ae20ef26,569.08,135,3ab91962-c004-4b43-8d1a-c24dd317a644,4.15,50x22x1 cm,Azure,5 years,2021-08-23
81e3d8bd-9b9e-42eb-8d48-2a86c88270f3,Seven,Drive position wish different.,89640938-59ba-458a-b0fa-0c0a0054f86a,625.63,687,4befdbb0-a581-4352-8fc6-2ef1d7b2a5e1,5.19,94x90x19 cm,Beige,1 years,2023-07-15
de10de66-d1c7-4c70-9834-2cfc94c4e6b7,Without,Operation difference bar professor.,2eb83a97-eea8-4111-8928-417d71c55d2d,245.01,858,00ee8b9e-1205-44ae-a4ad-57140cef4902,8.22,32x3x22 cm,Olive,5 years,2023-03-17
cc1e8f7f-41d2-4a8f-a944-9a75f960ce2b,Until,Language address social clear.,7647c201-34e4-4279-b121-de6c851d13fb,720.61,447,fed3217b-9e35-4342-85ef-44d21c4c006f,9.28,77x14x80 cm,SpringGreen,4 years,2022-01-03
5b54ec45-d95d-43b3-a49d-d483e607624f,Difference,Goal sing challenge market management.,89640938-59ba-458a-b0fa-0c0a0054f86a,618.79,51,256ee90c-71c0-4097-853b-3555e0d8aac4,2.6,95x94x49 cm,GhostWhite,1 years,2021-04-20
21b5312d-1ed7-4e7c-b6dc-0441193a7385,General,Rather choice stand baby just.,77a095b0-ef54-4826-b3bb-b9e9ae20ef26,501.38,376,ba3abfaa-cc17-4bf6-a240-89f78a3f4d3d,3.0,20x59x31 cm,White,5 years,2022-01-21
cbcdc0dc-5cc8-430c-8396-ea61ab9afa0c,Language,Language Mrs raise black everyone.,4db3f4af-b967-4d74-bdad-43240bd3ebcd,170.66,781,769374ad-d7a0-4973-bb69-4a42ab4ff501,4.11,35x64x51 cm,Coral,1 years,2024-03-29
24067dc2-783d-44db-8c71-85f5c5af8943,Hard,Beautiful attention its game follow.,f339f62b-efdf-4e3e-ac65-80ae6674cc61,535.04,305,9b0ed235-69d1-46f8-99d5-25dad813b44f,5.55,5x99x69 cm,DimGray,5 years,2022-10-25
ca7e1031-d241-4fcd-a8ee-fbabdea6131b,First,Throughout both name gas personal this certainly.,5fd7d292-c992-450c-b6fc-c17eeedcd32f,269.82,713,f0e71b59-490d-4ac2-8065-7393b3946f3a,0.48,51x93x16 cm,MediumSlateBlue,4 years,2022-08-07
77d5a42d-2572-45f1-b752-7109513aefa8,Sport,Economic experience above education sit.,4db3f4af-b967-4d74-bdad-43240bd3ebcd,501.04,31,3120afbb-e492-4a75-9079-7781b73d77d1,2.8,5x33x88 cm,Aquamarine,5 years,2021-10-05
14c8a2a6-c348-48c3-8a00-9833217ce751,Crime,What agency later image meet small road.,f339f62b-efdf-4e3e-ac65-80ae6674cc61,994.99,790,8fc443ee-5dd4-40fc-a857-9b7a85feddc9,2.15,68x67x44 cm,Turquoise,4 years,2023-09-24
97ef3ccc-5f0d-43ff-8bf8-01e87d3bd7aa,Meeting,Even investment cultural responsibility.,cf5f7cb6-3ea8-4f13-8fb5-82f6568bffe5,216.88,589,13948a06-1778-45e0-9922-7cbfd63a6139,9.82,32x76x87 cm,Cyan,5 years,2020-09-16
97d2c996-dc3b-43fc-a833-d6dbeee9cad3,Hard,His hotel require country.,4db3f4af-b967-4d74-bdad-43240bd3ebcd,170.93,898,f059cf13-5d2b-48c8-9088-72bf668e9d79,9.0,43x96x2 cm,Snow,5 years,2020-05-11
df14dc4a-51b4-4f4d-ba88-177101b7a6ad,Forward,Card family rich act candidate surface necessary.,77a095b0-ef54-4826-b3bb-b9e9ae20ef26,569.22,985,bf637742-7671-4143-8472-136daaf870b7,3.51,38x81x38 cm,MediumBlue,3 years,2023-06-06
8864f95e-38ad-4467-acfb-2e4eb744986e,Player,Identify director forward sound task.,186db6f5-0f28-44da-b9ed-3f683fc30f9d,784.96,625,22e4357a-78bf-4d51-a3f4-019c4fdfc60a,4.37,22x1x19 cm,Fuchsia,5 years,2020-04-04
efb85047-9cef-4b7f-877c-9fb6ef5ab2f8,Trouble,Challenge event today rock message.,77a095b0-ef54-4826-b3bb-b9e9ae20ef26,447.47,359,0b4dcb60-c144-485d-a2ec-3058703a246a,9.3,93x62x86 cm,PaleGreen,3 years,2021-01-17
375dcfc5-2b4c-460c-a046-919be3b1a24b,Kitchen,Key program because account final discover success.,76c65980-f08a-4568-b6ab-972025bcf196,195.78,572,42395f31-0f9b-45bb-9176-b93101789b1b,9.37,36x23x68 cm,DarkSeaGreen,2 years,2021-07-15
0d157b29-aad5-4d52-921b-daa20bfd9ea9,Wait,Commercial interest your performance morning American.,50675f88-c045-4ca6-882b-29c017ea798e,662.27,171,4543c95a-54d4-41c5-94b1-e0e90f5708fd,5.84,65x81x70 cm,Fuchsia,5 years,2020-02-23
6af395b7-53bb-4e1c-a54b-6416ab7505f6,Want,Page card evidence.,caaf97e8-3085-46e3-87ec-d7daf1d7fe0f,757.21,282,c89e8bd9-196f-4800-8dde-f7b68f504a90,3.18,2x55x100 cm,PaleTurquoise,3 years,2021-09-08
3912ac61-467b-4bed-9dab-d13d5069c3e8,Ball,Against despite money adult.,cf5f7cb6-3ea8-4f13-8fb5-82f6568bffe5,542.49,577,3926aa9d-a8b3-4e93-b910-6303b67a1623,3.25,44x25x91 cm,MediumOrchid,4 years,2024-06-29
4f02fa5a-8ebb-4ff2-9244-bb0379952b6a,At,Follow particular author machine network value require.,89640938-59ba-458a-b0fa-0c0a0054f86a,846.29,778,8e6713ae-e522-4494-8115-34861fa964fd,5.16,85x90x73 cm,Purple,4 years,2023-12-09
361e7dba-0054-463d-a776-1b367b186813,Economy,Southern name nature order story argue page important.,4db3f4af-b967-4d74-bdad-43240bd3ebcd,469.49,47,13c938b2-a3b6-4e98-adcf-81d584900fe6,5.66,53x82x79 cm,Silver,2 years,2021-10-04
2ce4bdea-332f-4557-8777-9cda4a075e5f,Agent,Above radio debate situation one bed.,9fe23eab-a333-4b43-a913-577d077cc216,368.6,973,8ebff1e9-642f-432c-baea-287158acae8f,1.67,25x81x46 cm,DarkKhaki,4 years,2022-05-12
7e30b11d-a202-4901-9a47-0793e2cd4c13,Two,Imagine religious course would seek consider item despite.,9fe23eab-a333-4b43-a913-577d077cc216,733.61,265,45e9b6c1-54be-4c06-9a9a-3c727e4aa9de,5.76,31x36x24 cm,Navy,4 years,2020-06-24
aa5a5519-d8e1-4948-82f3-d5e6a08c45fc,Relate,Huge wall house himself.,50675f88-c045-4ca6-882b-29c017ea798e,577.41,252,a000cd85-cb4f-46c0-b81e-013b12faa2a8,7.47,58x66x91 cm,Lime,1 years,2020-07-05
c5b8e596-9a8e-485f-82c3-d43a975818bb,Expert,Center official product focus detail.,069354c7-29a4-4657-9862-218627619c15,172.84,955,e346f919-3b20-4910-91e0-451eba8a55e6,0.75,55x82x51 cm,Chocolate,3 years,2023-02-09
599d0702-c1c4-4207-b5dd-762aea1c505b,Institution,Agreement available produce majority science between.,cf5f7cb6-3ea8-4f13-8fb5-82f6568bffe5,442.84,785,81a41199-a182-4d81-9ff4-fbd7c744ec8f,7.76,79x42x12 cm,YellowGreen,3 years,2020-11-01
852b2e50-8747-4682-b034-8d964b6bef06,Watch,Miss light after table condition join record.,9fe23eab-a333-4b43-a913-577d077cc216,497.59,790,2d0c7a2d-0746-4cbe-aeb5-80db2ba22760,2.58,98x51x50 cm,DarkSeaGreen,4 years,2023-08-19
37c7459d-2ddc-4bcc-804a-2c94ac6466c7,Fire,Article level yet would magazine author history.,caaf97e8-3085-46e3-87ec-d7daf1d7fe0f,700.13,852,97557e7e-79b1-4d65-ad7f-cb2a6475736f,0.48,60x46x73 cm,DarkMagenta,2 years,2021-11-26
374dee5d-05d3-45d8-b77f-0addb7a6742c,Try,Shake federal few building result interesting.,e916dafb-0783-4fb4-957e-a6a7e13edb23,713.38,345,115170d8-553f-4b15-a751-443acefa9afe,8.24,51x61x67 cm,Olive,2 years,2021-08-13
2ee9af94-8a1c-4fd5-94a5-19ec19ed118e,Challenge,Writer avoid affect read dinner be.,77a095b0-ef54-4826-b3bb-b9e9ae20ef26,90.67,895,50b2db83-ff95-4faa-9644-3e2150c2fdfa,3.54,1x9x25 cm,DarkViolet,1 years,2021-11-12
37c906b9-14c5-4f08-891f-98f09713128e,Mother,Approach example short available others thank.,5fd7d292-c992-450c-b6fc-c17eeedcd32f,476.39,332,d5a78159-ce77-42a7-9bfb-5cb75eb17463,9.29,4x41x51 cm,CornflowerBlue,2 years,2023-03-27
06cf9eac-5db4-4c71-b4da-8054e25d61e3,New,Natural spend pass smile boy ask increase.,cf5f7cb6-3ea8-4f13-8fb5-82f6568bffe5,412.35,155,0bd79932-4bbb-41cd-870e-c638d9d8eb77,6.0,52x40x66 cm,Blue,1 years,2023-06-08
deae88d0-c255-48df-9bc5-ff1406b863e3,Friend,Reflect price make few likely area economy social.,7647c201-34e4-4279-b121-de6c851d13fb,134.13,147,f0743463-f2cb-4011-b8dc-3bc05af36a29,9.12,91x83x92 cm,LightYellow,1 years,2022-05-29
37c84d18-4b7c-4af3-bc22-12904947b561,Energy,Price wife despite work.,f76201b2-494c-4d4d-a5d2-3a121dfaa9c0,53.04,578,44e1826c-3ec1-4c37-8573-cce2f7512ed0,6.94,90x81x50 cm,Gold,2 years,2021-12-28
363da390-6618-4762-b802-58933585e75b,Line,Station time member color southern contain.,4db3f4af-b967-4d74-bdad-43240bd3ebcd,802.15,842,2d8fb484-7573-4409-902e-ecc6faff8731,0.92,72x23x34 cm,Gray,2 years,2023-09-28
83920ee9-0849-4c37-b884-36b8d9f0fba7,Wife,Cultural at care share sit interesting television.,cf5f7cb6-3ea8-4f13-8fb5-82f6568bffe5,334.66,735,19f1b4be-f5b6-4bda-ad90-f06bdeece594,2.61,34x67x59 cm,Violet,2 years,2022-04-19
af42bd1a-c884-46b9-a04c-b8b01aa64652,Often,Then understand however effect from program rich away.,deb9a8f1-fd9a-4034-aa9f-6e384bfdd556,557.2,49,1e177be0-9843-448e-9446-e96c7b9da1e4,6.36,23x83x66 cm,DarkGray,1 years,2024-01-09
5d0118c6-4d92-4175-beee-d2696b5a6890,Author,From attention including everybody.,2eb83a97-eea8-4111-8928-417d71c55d2d,819.62,83,44d85c42-3e3a-4157-8fe2-47e22f5d2b3e,2.01,59x79x31 cm,PaleGoldenRod,4 years,2021-07-12
7223661c-ea8f-4dce-9c0a-aa77d2a75c96,Foot,Fight study miss minute live student plan.,f76201b2-494c-4d4d-a5d2-3a121dfaa9c0,167.8,351,5769fa1f-1590-4154-a8a6-2a8b6565d820,9.14,18x61x99 cm,BlueViolet,5 years,2021-10-10
f6c1e9e0-a2ac-4415-8f05-1376fa5e4b83,Figure,Successful upon TV police officer security reason every.,77a095b0-ef54-4826-b3bb-b9e9ae20ef26,548.01,850,cefa9806-1c90-4405-bb8d-f2d9584cce2f,5.22,1x100x11 cm,MediumBlue,1 years,2020-06-28
addd7a94-39c4-42cf-afb0-2c6e02c19099,Company,Into upon action challenge.,f52b037c-6409-4bd2-969e-a0cb44b2886b,611.47,593,10cb9da0-95f0-4e70-8a61-ee63d452dea7,4.57,49x66x47 cm,Moccasin,1 years,2022-12-31
a16b5dc5-dd32-430c-8a8f-37e48acfb8cd,Us,Agent record structure one prepare organization.,89640938-59ba-458a-b0fa-0c0a0054f86a,323.72,33,171257a9-8ae9-42bc-99e4-6b07d06485a7,1.91,17x3x44 cm,DarkViolet,5 years,2023-12-02
4aaa8870-89b2-4e44-9042-2883ff649847,Box,Network language suffer land lot final safe pull.,069354c7-29a4-4657-9862-218627619c15,53.7,670,29e65124-767d-488b-b780-dbe450ab7834,0.71,40x50x7 cm,SlateBlue,5 years,2021-10-21
e42dc737-89d0-45b5-8220-e7de7824236b,Knowledge,Agency which impact parent story six.,7647c201-34e4-4279-b121-de6c851d13fb,364.3,865,579e457e-4315-408d-8e46-12f0719ef589,9.28,53x7x57 cm,HotPink,3 years,2020-12-09
034cd4f4-5ae9-428e-aaae-35034be50880,Debate,Rule including physical safe.,76c65980-f08a-4568-b6ab-972025bcf196,902.82,784,0e4dc491-173b-46a8-82e2-3ecb1936506c,2.63,40x73x59 cm,MediumSlateBlue,4 years,2022-04-16
b2e9cb87-29da-43f4-a91f-f447f7b6059b,Give,Low black side air position inside official hold.,7647c201-34e4-4279-b121-de6c851d13fb,40.38,831,31bbff30-6ab0-47cc-86d4-ea53fd5b38bc,2.72,50x9x46 cm,CornflowerBlue,1 years,2020-10-31
573e0210-a2ce-4746-822a-ab60caa019f0,Rather,Those admit how fall stuff.,40386061-0a22-499c-978b-e40fca539092,35.92,31,faa423f5-672f-49b9-aaa7-287e1aec2dc2,1.85,79x89x84 cm,PaleGreen,1 years,2021-07-24
fd804c17-e4dc-4e2e-8d49-2a466ad2725c,Herself,Owner on buy skin various set.,2eb83a97-eea8-4111-8928-417d71c55d2d,461.91,577,3f334969-aa7e-4571-ac87-b6d45a91e5e8,7.49,89x64x61 cm,MediumSeaGreen,1 years,2022-03-14
9efc7caf-d29a-4f9f-b39c-3ad35ae4d2ff,Good,Peace know draw better.,77a095b0-ef54-4826-b3bb-b9e9ae20ef26,540.26,421,25d7cf18-3bc8-42f0-8a7e-e78bd2e80b29,7.93,34x4x83 cm,FireBrick,5 years,2020-01-13
c9670a5d-4b6e-4912-8daf-1fc64cc184e7,Republican,Control something area figure claim Mr force past.,40386061-0a22-499c-978b-e40fca539092,838.23,92,97e07c91-93a1-416e-9f74-adab0dc2e7a9,3.4,13x61x5 cm,MediumOrchid,2 years,2020-04-01
140dbc62-ea7c-4df2-80b2-f243917cef12,Among,Worry big indeed tree visit here.,f76201b2-494c-4d4d-a5d2-3a121dfaa9c0,629.28,303,d723ac67-18cf-44b7-8a29-e1b404daffb7,9.6,1x49x44 cm,MediumVioletRed,2 years,2022-05-08
c02dcf2e-8c27-4a34-94b0-e9d3e97f60a9,Play,Note along play crime produce nature sea.,5fd7d292-c992-450c-b6fc-c17eeedcd32f,699.02,174,dbdc0cdd-4005-4de8-a275-fd7f1488066a,1.83,21x82x88 cm,Tomato,2 years,2024-03-17
242bf697-3575-4305-a8b9-dce39faff172,Recognize,Shake agree about.,76c65980-f08a-4568-b6ab-972025bcf196,334.99,34,10126c85-a82c-4234-a5f7-46ebb0edc32b,4.88,81x87x51 cm,Fuchsia,1 years,2023-01-27
72b40b51-f1fe-4a46-98e1-17887ff08027,Magazine,Speak behind student civil near to where.,3b980e87-bb4a-4d27-95c1-e8f07e5752cc,247.89,298,d60b5e6c-14a0-4a9b-affc-6fa0ab3057fe,3.35,31x46x29 cm,SandyBrown,2 years,2021-07-30
85cad1ec-659a-4288-8e8c-c089cef939c5,Throughout,Letter at term spend agree his.,f52b037c-6409-4bd2-969e-a0cb44b2886b,468.27,907,5dd98b09-a03d-4899-af5f-859336135882,5.7,50x73x99 cm,Cyan,1 years,2020-06-08
125f79fb-0d33-4d20-965a-67e85939f170,Sport,Than on bar occur surface keep role.,7647c201-34e4-4279-b121-de6c851d13fb,931.0,15,4990a42d-9054-4491-837b-82cb67c6cc7b,6.9,92x23x20 cm,BlanchedAlmond,1 years,2021-01-22
2a617fdb-ffe2-470c-8226-5df2c3f63ccc,Animal,Health business indeed pass bill cover.,9fe23eab-a333-4b43-a913-577d077cc216,825.84,532,c6902384-3428-40a7-90a4-8d2779dbe5f2,0.14,7x100x15 cm,Fuchsia,5 years,2023-11-23
129ff7c3-1b00-4c4d-a610-a3578dd30334,Action,Individual carry pick room cause water range.,76c65980-f08a-4568-b6ab-972025bcf196,156.22,166,957467db-f720-4a99-9dcb-39380ab5710f,6.77,49x4x54 cm,PaleGreen,4 years,2020-12-06
3e9e9922-b786-4c39-912a-17a3578448bc,Capital,Movement represent others boy such bar always.,e916dafb-0783-4fb4-957e-a6a7e13edb23,914.56,350,ed446000-26da-48d6-8b8c-6a8aa21e765a,7.14,18x47x66 cm,MediumOrchid,2 years,2021-08-16
25aec151-ab3d-4cd5-a445-1525507ef18f,His,Firm fish onto anyone.,5fd7d292-c992-450c-b6fc-c17eeedcd32f,406.38,142,38c204b7-48b5-4a83-b8f9-99151333a672,4.14,85x45x13 cm,Violet,4 years,2024-03-02
19ea3b7f-68a2-4284-a9ec-4a67ed2e05fa,Blood,Capital product open station check condition maintain strategy.,f52b037c-6409-4bd2-969e-a0cb44b2886b,253.19,400,63508f0a-7d67-4fc2-9950-a1f5de804aa8,2.33,51x31x83 cm,DarkSlateBlue,4 years,2020-05-17
08aa8a2b-c27a-4661-90c0-7b59d5249030,Risk,Really girl sure fund.,caaf97e8-3085-46e3-87ec-d7daf1d7fe0f,921.21,80,ee8572a8-0097-4fbf-8347-137407155708,8.37,36x68x48 cm,LightGreen,5 years,2023-07-08
53e07732-8c06-45b0-b849-f9e43cf40366,Field,Perhaps rock use south up charge.,9fe23eab-a333-4b43-a913-577d077cc216,607.99,808,a5d0db31-42d9-49d6-99e2-d571104a7264,4.8,31x36x6 cm,LightGoldenRodYellow,5 years,2021-08-29
5cc691eb-5e7d-4dd4-ad1a-686ff8eaf655,Try,Suffer should rest.,2eb83a97-eea8-4111-8928-417d71c55d2d,868.66,410,f24981dc-a05a-4c22-96b9-980b7e0d05f2,9.64,14x69x7 cm,Sienna,2 years,2020-01-26
243cad37-692a-4209-9684-787eaf5926aa,Black,Road east participant nice home pretty.,caaf97e8-3085-46e3-87ec-d7daf1d7fe0f,36.53,441,cf283746-9353-4ff8-9bba-82fee565a73a,7.34,51x56x14 cm,OliveDrab,4 years,2020-10-25
5c3b9dae-e3d9-4e76-afbe-d6f87a4bfc15,Control,Suggest executive nice care scene.,76c65980-f08a-4568-b6ab-972025bcf196,467.37,183,e4ee3073-97d9-4a1f-b0fc-f75617f139c5,3.47,53x21x76 cm,SaddleBrown,3 years,2023-07-06
e8b00f84-aea8-45fb-a412-fa83dbb34329,Identify,Use still successful south risk tough.,f76201b2-494c-4d4d-a5d2-3a121dfaa9c0,121.39,387,657cdbbe-9abd-4703-a736-4435e39010b1,3.52,81x46x99 cm,MediumAquaMarine,4 years,2022-08-12
97efbc86-5801-449d-800e-24835cb7e2b2,Wide,Indeed send girl likely eat bring fly.,f76201b2-494c-4d4d-a5d2-3a121dfaa9c0,755.9,210,776234a3-8a36-44b8-b12f-7e86551dcc9c,8.78,33x23x93 cm,CadetBlue,5 years,2022-08-29
1e722e7a-0ad1-484d-a5a5-759ab8be20a5,Floor,Majority past camera almost relationship hour.,2eb83a97-eea8-4111-8928-417d71c55d2d,303.08,659,c98ba92c-f031-446e-8a0b-05a6563a1101,0.51,71x56x5 cm,AliceBlue,4 years,2022-07-09
32aa9b76-af26-43d0-a78d-4c95525b14a9,During,Beyond hit every single address.,cf5f7cb6-3ea8-4f13-8fb5-82f6568bffe5,381.41,223,f5113702-2f12-4d04-8e57-d8a1f8c173c2,3.53,17x15x79 cm,LightSlateGray,3 years,2020-03-13
ed92bd4d-7ad7-4c5a-b38a-654a42f9c9bf,Avoid,Operation stay different down sit base though.,7647c201-34e4-4279-b121-de6c851d13fb,40.91,600,8f75ff97-fb8a-426d-9c43-268ab1aad918,4.04,10x83x91 cm,SandyBrown,1 years,2020-07-26
caa8d470-7c02-4d04-aecf-a60f9102c603,Agency,Series series the sometimes interesting him four.,f52b037c-6409-4bd2-969e-a0cb44b2886b,549.46,577,b99d145c-a492-4a4a-ab75-d95f5f51cbca,1.47,20x27x22 cm,SandyBrown,2 years,2021-02-26
c76ac885-c6ef-4afd-a4e2-b376cc9e31b2,Practice,Account shake cultural state itself several president yard.,9fe23eab-a333-4b43-a913-577d077cc216,530.05,848,ef48e646-46b4-4498-9b7e-edf2ac736149,4.98,80x95x37 cm,Turquoise,3 years,2020-12-26
917ea3c7-b0ad-454c-9e93-6c4bd8cbecf9,Pm,Town question religious herself bill.,40386061-0a22-499c-978b-e40fca539092,804.54,946,be83a03b-f5a4-476b-8caa-e84fc5e6c7ef,8.56,53x99x34 cm,PaleTurquoise,2 years,2020-06-14
6e722a4b-673b-45ad-98ff-e18648066096,Attack,From race street perform drop recent.,2eb83a97-eea8-4111-8928-417d71c55d2d,631.7,349,3ce2254f-4e71-4328-9d5a-8ec8ff87281b,5.38,19x49x95 cm,DarkGoldenRod,5 years,2022-07-01
d23f2401-264a-41b1-9939-28cc4e0c95dd,Will,Direction job television.,f339f62b-efdf-4e3e-ac65-80ae6674cc61,242.19,946,b112e18f-281d-40b3-aa4b-03ec6f0ae351,9.93,45x50x61 cm,PapayaWhip,5 years,2022-10-31
de477be7-5bbb-4a8e-9bb6-51f74bc072a8,Question,List TV subject product.,f339f62b-efdf-4e3e-ac65-80ae6674cc61,964.99,426,88548169-cbfc-488a-9613-41ca8d873441,8.15,88x20x19 cm,SeaShell,1 years,2020-05-30
4ef9cccd-07cd-4c55-a1e2-29777b4e362f,Yourself,Why list improve serious.,e916dafb-0783-4fb4-957e-a6a7e13edb23,599.52,731,bdee2225-ff62-4a7a-ac47-fa98e08055a6,9.81,67x14x90 cm,IndianRed,2 years,2023-07-10
f8f2fd9c-09cd-4fbb-96fb-e55e77cb5bfa,Foreign,Beat lay plan face.,76c65980-f08a-4568-b6ab-972025bcf196,647.86,535,ace66937-7011-4d22-b24b-78e1bc14c4ef,1.2,89x94x79 cm,DodgerBlue,2 years,2021-01-28
a2f552b0-2ce0-4fdf-8231-d421ef6b73dd,Imagine,Doctor both change clearly.,caaf97e8-3085-46e3-87ec-d7daf1d7fe0f,94.52,46,818be69f-d017-4713-9153-680a16809940,0.2,47x93x62 cm,Navy,3 years,2020-11-21
32ca2dcc-bde9-455d-834b-c1bc97e400a4,Admit,Ago impact environmental what sign memory.,40386061-0a22-499c-978b-e40fca539092,679.21,387,0cce59f6-89c3-4f05-8501-5e8ba49c8db3,5.88,33x86x63 cm,YellowGreen,2 years,2020-10-02
06cd8fdb-d8a3-40e2-b116-74f683e3eda7,Despite,Say professional within allow eat position.,7647c201-34e4-4279-b121-de6c851d13fb,566.03,857,d32c8921-2481-4da8-8578-138ccadb505a,8.96,100x66x22 cm,PaleGreen,1 years,2020-10-08
ef22aa62-d594-47f8-aae8-b3e4ad8cb9fb,Police,Memory pay already agree.,7647c201-34e4-4279-b121-de6c851d13fb,879.87,539,74bf6f09-779b-49fc-9e8c-d72038a0daf1,4.15,85x27x57 cm,Teal,4 years,2023-05-11
95f3f589-7899-47a0-bb90-d45384b60c5f,Its,Get what Democrat support.,cf5f7cb6-3ea8-4f13-8fb5-82f6568bffe5,30.96,147,e59b5cee-b1ca-4d81-ac1a-0d9ce051827b,9.2,22x57x73 cm,Snow,1 years,2021-06-25
dc5de63b-adcb-4a24-8926-39a8a730749c,Also,Could carry especially just.,caaf97e8-3085-46e3-87ec-d7daf1d7fe0f,930.19,98,56acd69c-b82a-4539-8715-71a33b05957c,6.48,52x43x30 cm,GhostWhite,5 years,2023-05-08
